community_id,community_name,record_type,record_id,source_post_id,reply_to_comment_id,user_id,username,created_at,raw_text,clean_text,like_count,comment_count,engagement_count,city,industry,gender
demo_shameless_community,Demo Shameless Community,post,e864e3dd-2399-43fa-8e5b-3c29ec61854a,e864e3dd-2399-43fa-8e5b-3c29ec61854a,,ec455a41-4c72-4c7d-9ace-89f42929f39e,brookea,2026-01-09 09:51:00+00:00,What are we all thinking about nepo-baby discourse right now? Trying to separate what is actually interesting from what is just loud online. Would love your most nuanced take.,what are we all thinking about nepo baby discourse right now trying to separate what is actually interesting from what is just loud online would love your most nuanced take ,2,1,3,London,Student,female
demo_shameless_community,Demo Shameless Community,comment,910a04e4-b11d-4407-ba5c-fc734a2b7164,e864e3dd-2399-43fa-8e5b-3c29ec61854a,,92a2012e-738d-4a74-becf-07dd07ab44f7,lila,2026-01-09 11:51:00+00:00,This is exactly the kind of topic that sounds bigger online than it is offline.,this is exactly the kind of topic that sounds bigger online than it is offline ,3,0,3,Wellington,Advertising,female
demo_shameless_community,Demo Shameless Community,post,f5f35d98-c72f-43fe-aac3-c33bde9ce310,f5f35d98-c72f-43fe-aac3-c33bde9ce310,,3c46fc4c-22a4-4dca-9078-1eb0d5d529cc,mads,2026-01-14 09:08:00+00:00,I keep circling back to celebrity side hustles. I keep hearing versions of the same argument and want something smarter than the timeline. Drop your best example.,i keep circling back to celebrity side hustles i keep hearing versions of the same argument and want something smarter than the timeline drop your best example ,4,4,8,London,Legal,male
demo_shameless_community,Demo Shameless Community,comment,5b93ed3a-6aea-4035-91f5-dc3d31923a38,f5f35d98-c72f-43fe-aac3-c33bde9ce310,,b3cbce25-bcfc-4039-8e81-460817f8514c,poppy_club,2026-01-14 21:08:00+00:00,"This is where access, taste and timing all get muddled together.",this is where access taste and timing all get muddled together ,1,0,1,London,Government,female
demo_shameless_community,Demo Shameless Community,comment,2d684ba8-ce2f-4067-9c18-29ca6ddd9ceb,f5f35d98-c72f-43fe-aac3-c33bde9ce310,,51efd9cc-9dd5-4483-b6de-ee8e728b82e9,paige69,2026-01-15 00:08:00+00:00,My take is less dramatic: people just want a neat story arc.,my take is less dramatic people just want a neat story arc ,0,0,0,Brisbane,Healthcare,female
demo_shameless_community,Demo Shameless Community,comment,491f81d8-a4e1-48f5-941c-de635a85b176,f5f35d98-c72f-43fe-aac3-c33bde9ce310,,b3cbce25-bcfc-4039-8e81-460817f8514c,poppy_club,2026-01-15 02:08:00+00:00,My unglamorous answer is that PR teams are better at shaping the vibe than the substance.,my unglamorous answer is that pr teams are better at shaping the vibe than the substance ,1,0,1,London,Government,female
demo_shameless_community,Demo Shameless Community,comment,bd13cb81-a093-43e2-84c8-30086492bb8a,f5f35d98-c72f-43fe-aac3-c33bde9ce310,,51efd9cc-9dd5-4483-b6de-ee8e728b82e9,paige69,2026-01-15 04:08:00+00:00,I think the internet is flattening the most interesting part of it.,i think the internet is flattening the most interesting part of it ,2,0,2,Brisbane,Healthcare,female
demo_shameless_community,Demo Shameless Community,post,d1215e6b-445f-4dc5-8cf9-f99d67129010,d1215e6b-445f-4dc5-8cf9-f99d67129010,,51efd9cc-9dd5-4483-b6de-ee8e728b82e9,paige69,2026-01-16 11:15:00+00:00,Can someone explain why celebrity memoirs keeps coming back? I want the read that makes the whole thing click. Please send your essay or podcast.,can someone explain why celebrity memoirs keeps coming back i want the read that makes the whole thing click please send your essay or podcast ,3,3,6,Brisbane,Healthcare,female
demo_shameless_community,Demo Shameless Community,comment,77ef0779-2c7a-4088-9f13-d5a1833f98d6,d1215e6b-445f-4dc5-8cf9-f99d67129010,,d3f621e6-367a-4f80-8697-80ba92f7badd,amber,2026-01-16 15:15:00+00:00,"This is where access, taste and timing all get muddled together.",this is where access taste and timing all get muddled together ,3,0,3,Singapore,Media,female
demo_shameless_community,Demo Shameless Community,comment,b72229b6-52c9-4100-a39c-7f8fe1260995,d1215e6b-445f-4dc5-8cf9-f99d67129010,,b3cbce25-bcfc-4039-8e81-460817f8514c,poppy_club,2026-01-17 00:15:00+00:00,"I had not thought about it that way, but that feels right.",i had not thought about it that way but that feels right ,0,0,0,London,Government,female
demo_shameless_community,Demo Shameless Community,post,46e7c05b-3c6f-4a02-88e5-c42e8431d29c,46e7c05b-3c6f-4a02-88e5-c42e8431d29c,,51efd9cc-9dd5-4483-b6de-ee8e728b82e9,paige69,2026-01-17 08:47:00+00:00,Can someone explain why girlboss backlash keeps coming back? I keep hearing versions of the same argument and want something smarter than the timeline. Drop your article or voice note.,can someone explain why girlboss backlash keeps coming back i keep hearing versions of the same argument and want something smarter than the timeline drop your article or voice note ,3,3,6,Brisbane,Healthcare,female
demo_shameless_community,Demo Shameless Community,comment,176f607f-3e0c-4670-9663-1465d8576249,d1215e6b-445f-4dc5-8cf9-f99d67129010,,8c3853ef-e9fd-489e-a00e-c4e6de6388c3,soph,2026-01-17 09:15:00+00:00,I think we pretend these conversations are about ethics when half the time they are about taste.,i think we pretend these conversations are about ethics when half the time they are about taste ,2,0,2,Bristol,Healthcare,female
demo_shameless_community,Demo Shameless Community,comment,760a8903-59b9-4fc8-bdf5-ce8228650a6d,46e7c05b-3c6f-4a02-88e5-c42e8431d29c,,3c46fc4c-22a4-4dca-9078-1eb0d5d529cc,mads,2026-01-17 12:47:00+00:00,Honestly I think audience fatigue is doing half the work here.,honestly i think audience fatigue is doing half the work here ,0,0,0,London,Legal,male
demo_shameless_community,Demo Shameless Community,comment,54c7365b-0c85-49fe-826d-4a17f31f10e1,46e7c05b-3c6f-4a02-88e5-c42e8431d29c,,8c3853ef-e9fd-489e-a00e-c4e6de6388c3,soph,2026-01-17 14:47:00+00:00,The most revealing part is always what gets framed as relatable.,the most revealing part is always what gets framed as relatable ,0,0,0,Bristol,Healthcare,female
demo_shameless_community,Demo Shameless Community,comment,99804484-4be4-478f-8372-7a7a2af197dc,46e7c05b-3c6f-4a02-88e5-c42e8431d29c,760a8903-59b9-4fc8-bdf5-ce8228650a6d,8c3853ef-e9fd-489e-a00e-c4e6de6388c3,soph,2026-01-17 17:47:00+00:00,I think the tricky part is i think we pretend these conversations are about ethics when half the time they are about taste.,i think the tricky part is i think we pretend these conversations are about ethics when half the time they are about taste ,0,0,0,Bristol,Healthcare,female
demo_shameless_community,Demo Shameless Community,post,a4d5d251-2936-4702-a4e3-071c93cee31d,a4d5d251-2936-4702-a4e3-071c93cee31d,,97bca700-cb0e-4868-b443-49a209c71436,billiexo,2026-01-25 07:51:00+00:00,Open thread for award season narratives. Trying to separate what is actually interesting from what is just loud online. Would love your hot take.,open thread for award season narratives trying to separate what is actually interesting from what is just loud online would love your hot take ,2,2,4,Brisbane,Fashion,female
demo_shameless_community,Demo Shameless Community,comment,9da56bf8-c7bc-4700-b691-6d945966c20e,a4d5d251-2936-4702-a4e3-071c93cee31d,,8c3853ef-e9fd-489e-a00e-c4e6de6388c3,soph,2026-01-25 09:51:00+00:00,This is why I miss slower media cycles.,this is why i miss slower media cycles ,2,0,2,Bristol,Healthcare,female
demo_shameless_community,Demo Shameless Community,comment,079c9331-1188-482f-8a1c-ed78890e7126,a4d5d251-2936-4702-a4e3-071c93cee31d,,7b71142d-776d-422c-9dd8-e8a1db4563e1,layla,2026-01-25 11:51:00+00:00,My unglamorous answer is that PR teams are better at shaping the vibe than the substance.,my unglamorous answer is that pr teams are better at shaping the vibe than the substance ,1,0,1,Wellington,Marketing,female
demo_shameless_community,Demo Shameless Community,post,a8fc2636-6528-4601-a315-3c4b7b731c70,a8fc2636-6528-4601-a315-3c4b7b731c70,,3c46fc4c-22a4-4dca-9078-1eb0d5d529cc,mads,2026-01-25 20:00:00+00:00,I keep circling back to nepo-baby discourse. Feels like there is a more interesting angle here than the obvious one. Share your most nuanced take. Curious whether people changed their mind over the last few weeks.,i keep circling back to nepo baby discourse feels like there is a more interesting angle here than the obvious one share your most nuanced take curious whether people changed their mind over the last few weeks ,1,3,4,London,Legal,male
demo_shameless_community,Demo Shameless Community,comment,53964d94-3ec2-479b-b6c3-c08a5e0e138e,a8fc2636-6528-4601-a315-3c4b7b731c70,,7716d5c5-f68c-4d02-b068-a9e35a9545c4,sasha_zz,2026-01-25 23:00:00+00:00,"I had not thought about it that way, but that feels right.",i had not thought about it that way but that feels right ,0,0,0,Adelaide,Advertising,female
demo_shameless_community,Demo Shameless Community,post,3d05704a-6b84-4700-8ef9-47380917f6dc,3d05704a-6b84-4700-8ef9-47380917f6dc,,3c46fc4c-22a4-4dca-9078-1eb0d5d529cc,mads,2026-01-26 09:47:00+00:00,Need the group's view on celebrity side hustles. I want the read that makes the whole thing click. Please send your best example. Curious whether people changed their mind over the last few weeks.,need the group s view on celebrity side hustles i want the read that makes the whole thing click please send your best example curious whether people changed their mind over the last few weeks ,4,2,6,London,Legal,male
demo_shameless_community,Demo Shameless Community,comment,3e463991-1dd6-4058-9e31-99b45898552e,a8fc2636-6528-4601-a315-3c4b7b731c70,,b9c72815-43ef-4b19-bccc-3fef787c4ac1,alixs,2026-01-26 11:00:00+00:00,I think the internet is flattening the most interesting part of it.,i think the internet is flattening the most interesting part of it ,1,0,1,Brisbane,Hospitality,female
demo_shameless_community,Demo Shameless Community,comment,bcb4fb25-32e1-46c1-87e7-3ad40fecf393,3d05704a-6b84-4700-8ef9-47380917f6dc,,3c46fc4c-22a4-4dca-9078-1eb0d5d529cc,mads,2026-01-26 14:47:00+00:00,I would love a longer episode on this because the nuance disappears in clips.,i would love a longer episode on this because the nuance disappears in clips ,1,0,1,London,Legal,male
demo_shameless_community,Demo Shameless Community,comment,f78c8aef-8e93-4540-b64d-5c120cfc316f,a8fc2636-6528-4601-a315-3c4b7b731c70,,d48cb34a-67cb-4a35-ab29-05b3fd2d2699,ana,2026-01-26 15:00:00+00:00,Honestly I think audience fatigue is doing half the work here.,honestly i think audience fatigue is doing half the work here ,0,0,0,London,Nonprofit,male
demo_shameless_community,Demo Shameless Community,comment,13d21a2e-1342-4ba4-8eb1-5213b9b588aa,3d05704a-6b84-4700-8ef9-47380917f6dc,bcb4fb25-32e1-46c1-87e7-3ad40fecf393,d3f621e6-367a-4f80-8697-80ba92f7badd,amber,2026-01-26 23:47:00+00:00,"I think the tricky part is i don't have a full thesis, but my gut says we're rewarding familiarity.",i think the tricky part is i don t have a full thesis but my gut says we re rewarding familiarity ,0,0,0,Singapore,Media,female
demo_shameless_community,Demo Shameless Community,post,60403083-831d-4220-9e57-833119cdeaf9,60403083-831d-4220-9e57-833119cdeaf9,,3c46fc4c-22a4-4dca-9078-1eb0d5d529cc,mads,2026-01-27 18:05:00+00:00,Is anyone else fully locked into internet overexposure discourse? Trying to separate what is actually interesting from what is just loud online. Would love your smartest read. Curious whether people changed their mind over the last few weeks.,is anyone else fully locked into internet overexposure discourse trying to separate what is actually interesting from what is just loud online would love your smartest read curious whether people changed their mind over the last few weeks ,2,2,4,London,Legal,male
demo_shameless_community,Demo Shameless Community,comment,aac6fbb5-d569-45d5-96f6-5857e96c6dfe,60403083-831d-4220-9e57-833119cdeaf9,,c46eb7b5-1cd6-4b09-97c3-0cb70933c953,fern,2026-01-28 02:05:00+00:00,I think the internet is flattening the most interesting part of it.,i think the internet is flattening the most interesting part of it ,0,0,0,Manchester,Consulting,female
demo_shameless_community,Demo Shameless Community,comment,ca601e66-1a90-4cca-9559-0150a0c4183c,60403083-831d-4220-9e57-833119cdeaf9,aac6fbb5-d569-45d5-96f6-5857e96c6dfe,971b74b9-34b6-4d68-b86b-6374e2cf764f,remis,2026-01-28 04:05:00+00:00,Small addition: this would make such a good newsletter round-up topic.,small addition this would make such a good newsletter round up topic ,1,0,1,Bristol,Nonprofit,male
demo_shameless_community,Demo Shameless Community,post,c299d029-cc41-4e2e-9e3f-93fa7677dc20,c299d029-cc41-4e2e-9e3f-93fa7677dc20,,c46eb7b5-1cd6-4b09-97c3-0cb70933c953,fern,2026-01-28 19:08:00+00:00,Can someone explain why microtrend fatigue keeps coming back? Feels like there is a more interesting angle here than the obvious one. Share your best Substack.,can someone explain why microtrend fatigue keeps coming back feels like there is a more interesting angle here than the obvious one share your best substack ,0,5,5,Manchester,Consulting,female
demo_shameless_community,Demo Shameless Community,post,a027f881-f689-425f-92b3-7229f78c04f7,a027f881-f689-425f-92b3-7229f78c04f7,,92a2012e-738d-4a74-becf-07dd07ab44f7,lila,2026-01-28 20:00:00+00:00,Need the group's view on PR relationships. I want the read that makes the whole thing click. Please send your spiciest theory. Bonus points if it's more thoughtful than whatever TikTok is doing with it today.,need the group s view on pr relationships i want the read that makes the whole thing click please send your spiciest theory bonus points if it s more thoughtful than whatever tiktok is doing with it today ,1,1,2,Wellington,Advertising,female
demo_shameless_community,Demo Shameless Community,comment,03fc5f62-10e2-419e-914e-c408006af7ec,a027f881-f689-425f-92b3-7229f78c04f7,,bd7c68e4-dbd3-42dd-a87e-932ce8096d75,nell35,2026-01-29 06:00:00+00:00,"There is a good point buried in the mess, but people are reacting to the performance of it all.",there is a good point buried in the mess but people are reacting to the performance of it all ,2,0,2,Gold Coast,Technology,prefer_not_to_say
demo_shameless_community,Demo Shameless Community,comment,55077de0-31c6-4d9b-b8c3-cd91c097c23b,c299d029-cc41-4e2e-9e3f-93fa7677dc20,,bd7c68e4-dbd3-42dd-a87e-932ce8096d75,nell35,2026-01-29 10:08:00+00:00,The most revealing part is always what gets framed as relatable.,the most revealing part is always what gets framed as relatable ,0,0,0,Gold Coast,Technology,prefer_not_to_say
demo_shameless_community,Demo Shameless Community,comment,a46b0138-7577-4521-a8f4-cdb9520700dd,c299d029-cc41-4e2e-9e3f-93fa7677dc20,,b09208d7-39f5-4e12-b9b2-f069b81a344f,elsie,2026-01-29 14:08:00+00:00,For me it comes down to whether the person seems self-aware or just strategic.,for me it comes down to whether the person seems self aware or just strategic ,2,0,2,Melbourne,Marketing,male
demo_shameless_community,Demo Shameless Community,comment,532de0c1-f80b-4af3-83f0-0ea9c2a5e17f,c299d029-cc41-4e2e-9e3f-93fa7677dc20,,d48cb34a-67cb-4a35-ab29-05b3fd2d2699,ana,2026-01-30 08:08:00+00:00,My unglamorous answer is that PR teams are better at shaping the vibe than the substance.,my unglamorous answer is that pr teams are better at shaping the vibe than the substance ,0,0,0,London,Nonprofit,male
demo_shameless_community,Demo Shameless Community,comment,4ac286ac-ba0c-4ac6-82c1-2f04ca3f4754,c299d029-cc41-4e2e-9e3f-93fa7677dc20,,06264520-0673-4fc6-9c00-5b829fd744dc,mabel,2026-01-30 17:08:00+00:00,For me it comes down to whether the person seems self-aware or just strategic.,for me it comes down to whether the person seems self aware or just strategic ,2,0,2,Brisbane,Education,female
demo_shameless_community,Demo Shameless Community,comment,0a2bec04-67d3-4aef-a5a9-830e561a2b03,c299d029-cc41-4e2e-9e3f-93fa7677dc20,4ac286ac-ba0c-4ac6-82c1-2f04ca3f4754,92a2012e-738d-4a74-becf-07dd07ab44f7,lila,2026-01-31 02:08:00+00:00,"Counterpoint: yes, and the tone matters almost more than the facts.",counterpoint yes and the tone matters almost more than the facts ,1,0,1,Wellington,Advertising,female
demo_shameless_community,Demo Shameless Community,post,515f4aff-3724-410b-978d-f0ee289d452a,515f4aff-3724-410b-978d-f0ee289d452a,,b9c72815-43ef-4b19-bccc-3fef787c4ac1,alixs,2026-01-31 07:47:00+00:00,Need the group's view on reality TV villains. This has been rattling around in my head since the latest episode. Keen for the community's smartest dumb take.,need the group s view on reality tv villains this has been rattling around in my head since the latest episode keen for the community s smartest dumb take ,3,0,3,Brisbane,Hospitality,female
demo_shameless_community,Demo Shameless Community,post,fdbffb09-955d-4d67-b49a-371e0e0f5c74,fdbffb09-955d-4d67-b49a-371e0e0f5c74,,8c3853ef-e9fd-489e-a00e-c4e6de6388c3,soph,2026-01-31 09:08:00+00:00,What are we all thinking about cancelled tours right now? I keep hearing versions of the same argument and want something smarter than the timeline. Drop your best explainer.,what are we all thinking about cancelled tours right now i keep hearing versions of the same argument and want something smarter than the timeline drop your best explainer ,0,0,0,Bristol,Healthcare,female
demo_shameless_community,Demo Shameless Community,post,7246c0c9-fe80-47d5-aa99-0109012b7c88,7246c0c9-fe80-47d5-aa99-0109012b7c88,,c46eb7b5-1cd6-4b09-97c3-0cb70933c953,fern,2026-01-31 13:51:00+00:00,Need the group's view on PR relationships. Feels like there is a more interesting angle here than the obvious one. Share your spiciest theory.,need the group s view on pr relationships feels like there is a more interesting angle here than the obvious one share your spiciest theory ,3,3,6,Manchester,Consulting,female
demo_shameless_community,Demo Shameless Community,comment,cc53a464-a77a-483b-901a-8bbe9eceee82,7246c0c9-fe80-47d5-aa99-0109012b7c88,,3c46fc4c-22a4-4dca-9078-1eb0d5d529cc,mads,2026-02-01 01:51:00+00:00,My take is less dramatic: people just want a neat story arc.,my take is less dramatic people just want a neat story arc ,1,0,1,London,Legal,male
demo_shameless_community,Demo Shameless Community,post,ed0f7f58-1d69-4376-96c9-9e80d9f315b4,ed0f7f58-1d69-4376-96c9-9e80d9f315b4,,c46eb7b5-1cd6-4b09-97c3-0cb70933c953,fern,2026-02-01 08:08:00+00:00,What are we all thinking about movie press tours right now? Feels like there is a more interesting angle here than the obvious one. Share your thought.,what are we all thinking about movie press tours right now feels like there is a more interesting angle here than the obvious one share your thought ,2,2,4,Manchester,Consulting,female
demo_shameless_community,Demo Shameless Community,comment,02b7bf47-4ee4-4356-ae83-1d2736d076d5,ed0f7f58-1d69-4376-96c9-9e80d9f315b4,,7b71142d-776d-422c-9dd8-e8a1db4563e1,layla,2026-02-01 13:08:00+00:00,"I don't even fully disagree, I just think people overcorrect online.",i don t even fully disagree i just think people overcorrect online ,1,0,1,Wellington,Marketing,female
demo_shameless_community,Demo Shameless Community,comment,9e10f609-1238-4248-a0b3-3841005898eb,ed0f7f58-1d69-4376-96c9-9e80d9f315b4,,51efd9cc-9dd5-4483-b6de-ee8e728b82e9,paige69,2026-02-01 19:08:00+00:00,This is why I miss slower media cycles.,this is why i miss slower media cycles ,0,0,0,Brisbane,Healthcare,female
demo_shameless_community,Demo Shameless Community,comment,6900b4d6-f0a9-46d7-943c-1d303aa4c8e3,7246c0c9-fe80-47d5-aa99-0109012b7c88,,ee6ea00c-f6d0-4db3-930a-3ceb13e0b9cb,heidi33,2026-02-01 19:51:00+00:00,Honestly I think audience fatigue is doing half the work here.,honestly i think audience fatigue is doing half the work here ,1,0,1,Manchester,Marketing,non_binary
demo_shameless_community,Demo Shameless Community,comment,1bfe6e14-b83d-400c-90d7-ccd66159f7f1,7246c0c9-fe80-47d5-aa99-0109012b7c88,6900b4d6-f0a9-46d7-943c-1d303aa4c8e3,06264520-0673-4fc6-9c00-5b829fd744dc,mabel,2026-02-01 22:51:00+00:00,I think the tricky part is this is why I miss slower media cycles.,i think the tricky part is this is why i miss slower media cycles ,0,0,0,Brisbane,Education,female
demo_shameless_community,Demo Shameless Community,post,4ce780f8-fac3-49d1-b04a-6157c0daaac6,4ce780f8-fac3-49d1-b04a-6157c0daaac6,,b3cbce25-bcfc-4039-8e81-460817f8514c,poppy_club,2026-02-02 09:55:00+00:00,Can someone explain why microtrend fatigue keeps coming back? I keep hearing versions of the same argument and want something smarter than the timeline. Drop your best Substack. Curious whether people changed their mind over the last few weeks.,can someone explain why microtrend fatigue keeps coming back i keep hearing versions of the same argument and want something smarter than the timeline drop your best substack curious whether people changed their mind over the last few weeks ,4,3,7,London,Government,female
demo_shameless_community,Demo Shameless Community,comment,0f467a10-6f41-4a95-a165-d3f9c41c8825,4ce780f8-fac3-49d1-b04a-6157c0daaac6,,44f0b95b-33a1-4be1-9b55-d4790f1cc3e8,sienna,2026-02-02 17:55:00+00:00,For me it comes down to whether the person seems self-aware or just strategic.,for me it comes down to whether the person seems self aware or just strategic ,3,0,3,Manchester,Technology,prefer_not_to_say
demo_shameless_community,Demo Shameless Community,comment,9ee499e0-3070-46da-8c99-c2e5bc0c327a,4ce780f8-fac3-49d1-b04a-6157c0daaac6,,6282edfc-8011-4fa6-b0a1-a461e37f1c3b,dani54,2026-02-02 21:55:00+00:00,Honestly I think audience fatigue is doing half the work here.,honestly i think audience fatigue is doing half the work here ,1,0,1,Melbourne,Healthcare,prefer_not_to_say
demo_shameless_community,Demo Shameless Community,comment,bf727187-5dac-4d6b-977b-aefa97b7b95c,4ce780f8-fac3-49d1-b04a-6157c0daaac6,9ee499e0-3070-46da-8c99-c2e5bc0c327a,7b71142d-776d-422c-9dd8-e8a1db4563e1,layla,2026-02-03 01:55:00+00:00,I think the tricky part is there is also a class angle here that people skip past.,i think the tricky part is there is also a class angle here that people skip past ,1,0,1,Wellington,Marketing,female
demo_shameless_community,Demo Shameless Community,post,60165a64-6147-4751-a15a-89cc89847ccf,60165a64-6147-4751-a15a-89cc89847ccf,,b09208d7-39f5-4e12-b9b2-f069b81a344f,elsie,2026-02-03 07:08:00+00:00,Is anyone else fully locked into comfort rewatches discourse? I keep hearing versions of the same argument and want something smarter than the timeline. Drop your show rec.,is anyone else fully locked into comfort rewatches discourse i keep hearing versions of the same argument and want something smarter than the timeline drop your show rec ,4,5,9,Melbourne,Marketing,male
demo_shameless_community,Demo Shameless Community,comment,2253d966-d3e1-45e0-9664-9325dba9b405,60165a64-6147-4751-a15a-89cc89847ccf,,92a2012e-738d-4a74-becf-07dd07ab44f7,lila,2026-02-03 17:08:00+00:00,My take is less dramatic: people just want a neat story arc.,my take is less dramatic people just want a neat story arc ,0,0,0,Wellington,Advertising,female
demo_shameless_community,Demo Shameless Community,comment,0ccbe82a-8848-4409-89b4-6e62acce3a7f,60165a64-6147-4751-a15a-89cc89847ccf,,8c3853ef-e9fd-489e-a00e-c4e6de6388c3,soph,2026-02-03 23:08:00+00:00,"This is where access, taste and timing all get muddled together.",this is where access taste and timing all get muddled together ,0,0,0,Bristol,Healthcare,female
demo_shameless_community,Demo Shameless Community,post,a0e77a2c-e26c-4eb6-b67f-140daec10f59,a0e77a2c-e26c-4eb6-b67f-140daec10f59,,92a2012e-738d-4a74-becf-07dd07ab44f7,lila,2026-02-04 07:33:00+00:00,Need the group's view on PR relationships. Trying to separate what is actually interesting from what is just loud online. Would love your spiciest theory.,need the group s view on pr relationships trying to separate what is actually interesting from what is just loud online would love your spiciest theory ,1,0,1,Wellington,Advertising,female
demo_shameless_community,Demo Shameless Community,comment,d8039671-6819-418c-af33-f2702ec364d0,60165a64-6147-4751-a15a-89cc89847ccf,,d48cb34a-67cb-4a35-ab29-05b3fd2d2699,ana,2026-02-04 11:08:00+00:00,There is also a class angle here that people skip past.,there is also a class angle here that people skip past ,0,0,0,London,Nonprofit,male
demo_shameless_community,Demo Shameless Community,comment,a7377858-6b44-4cd1-8686-b64abac2f6e7,60165a64-6147-4751-a15a-89cc89847ccf,,92a2012e-738d-4a74-becf-07dd07ab44f7,lila,2026-02-04 12:08:00+00:00,There is also a class angle here that people skip past.,there is also a class angle here that people skip past ,2,0,2,Wellington,Advertising,female
demo_shameless_community,Demo Shameless Community,comment,ae918f4a-9323-4762-b67d-b90ce46eb933,60165a64-6147-4751-a15a-89cc89847ccf,,2b45a69d-9c7d-49d0-b5e6-f94c40a15556,kate92,2026-02-04 14:08:00+00:00,"I don't even fully disagree, I just think people overcorrect online.",i don t even fully disagree i just think people overcorrect online ,1,0,1,Adelaide,Technology,male
demo_shameless_community,Demo Shameless Community,post,14b9b482-b778-4bf8-85d9-b5db7a2b1459,14b9b482-b778-4bf8-85d9-b5db7a2b1459,,3c46fc4c-22a4-4dca-9078-1eb0d5d529cc,mads,2026-02-04 19:08:00+00:00,Can someone explain why book-to-screen adaptations keeps coming back? Trying to separate what is actually interesting from what is just loud online. Would love your must-read.,can someone explain why book to screen adaptations keeps coming back trying to separate what is actually interesting from what is just loud online would love your must read ,1,1,2,London,Legal,male
demo_shameless_community,Demo Shameless Community,comment,e0990b97-468a-46a2-b378-f1b9050b5057,14b9b482-b778-4bf8-85d9-b5db7a2b1459,,3c46fc4c-22a4-4dca-9078-1eb0d5d529cc,mads,2026-02-05 03:08:00+00:00,"This is where access, taste and timing all get muddled together.",this is where access taste and timing all get muddled together ,0,0,0,London,Legal,male
demo_shameless_community,Demo Shameless Community,post,8ce90194-ff89-4ea0-b413-cd72390146e0,8ce90194-ff89-4ea0-b413-cd72390146e0,,92a2012e-738d-4a74-becf-07dd07ab44f7,lila,2026-02-05 20:15:00+00:00,Who has the best take on reality TV villains? This has been rattling around in my head since the latest episode. Keen for the community's smartest dumb take. Bonus points if it's more thoughtful than whatever TikTok is doing with it today.,who has the best take on reality tv villains this has been rattling around in my head since the latest episode keen for the community s smartest dumb take bonus points if it s more thoughtful than whatever tiktok is doing with it today ,2,4,6,Wellington,Advertising,female
demo_shameless_community,Demo Shameless Community,comment,306ad8ef-370d-4226-be3e-b311a6c41924,8ce90194-ff89-4ea0-b413-cd72390146e0,,07c76569-1d23-4fcc-b263-bddc7f5f03b6,pearl93,2026-02-06 08:15:00+00:00,"I don't even fully disagree, I just think people overcorrect online.",i don t even fully disagree i just think people overcorrect online ,1,0,1,Melbourne,Hospitality,prefer_not_to_say
demo_shameless_community,Demo Shameless Community,comment,5816df5f-dacb-4973-a80b-3deda73abe95,8ce90194-ff89-4ea0-b413-cd72390146e0,,92a2012e-738d-4a74-becf-07dd07ab44f7,lila,2026-02-06 12:15:00+00:00,This is why I miss slower media cycles.,this is why i miss slower media cycles ,0,0,0,Wellington,Advertising,female
demo_shameless_community,Demo Shameless Community,comment,91854f75-c1c3-40fc-8f3b-b2d48772915e,8ce90194-ff89-4ea0-b413-cd72390146e0,,7b71142d-776d-422c-9dd8-e8a1db4563e1,layla,2026-02-06 21:15:00+00:00,Honestly I think audience fatigue is doing half the work here.,honestly i think audience fatigue is doing half the work here ,1,0,1,Wellington,Marketing,female
demo_shameless_community,Demo Shameless Community,comment,5fd40ab7-b3d6-48be-af91-7374883a6815,8ce90194-ff89-4ea0-b413-cd72390146e0,,51efd9cc-9dd5-4483-b6de-ee8e728b82e9,paige69,2026-02-07 01:15:00+00:00,I keep coming back to who benefits from the framing.,i keep coming back to who benefits from the framing ,0,0,0,Brisbane,Healthcare,female
demo_shameless_community,Demo Shameless Community,post,96893c7b-7acc-4d2e-820f-a2977f4e8af8,96893c7b-7acc-4d2e-820f-a2977f4e8af8,,bd7c68e4-dbd3-42dd-a87e-932ce8096d75,nell35,2026-02-08 21:33:00+00:00,Can someone explain why reality TV villains keeps coming back? Trying to separate what is actually interesting from what is just loud online. Would love your smartest dumb take.,can someone explain why reality tv villains keeps coming back trying to separate what is actually interesting from what is just loud online would love your smartest dumb take ,4,5,9,Gold Coast,Technology,prefer_not_to_say
demo_shameless_community,Demo Shameless Community,comment,d9069947-6297-4791-b518-aa5db55638fb,96893c7b-7acc-4d2e-820f-a2977f4e8af8,,7b71142d-776d-422c-9dd8-e8a1db4563e1,layla,2026-02-08 23:33:00+00:00,I would love a longer episode on this because the nuance disappears in clips.,i would love a longer episode on this because the nuance disappears in clips ,3,0,3,Wellington,Marketing,female
demo_shameless_community,Demo Shameless Community,comment,09e9832e-805c-477f-8447-397c531e4129,96893c7b-7acc-4d2e-820f-a2977f4e8af8,d9069947-6297-4791-b518-aa5db55638fb,d48cb34a-67cb-4a35-ab29-05b3fd2d2699,ana,2026-02-09 05:33:00+00:00,Counterpoint: this is exactly the kind of topic that sounds bigger online than it is offline.,counterpoint this is exactly the kind of topic that sounds bigger online than it is offline ,0,0,0,London,Nonprofit,male
demo_shameless_community,Demo Shameless Community,post,a46e622f-d7c5-4beb-948f-bdc4813b1fca,a46e622f-d7c5-4beb-948f-bdc4813b1fca,,ec455a41-4c72-4c7d-9ace-89f42929f39e,brookea,2026-02-09 09:51:00+00:00,Can someone explain why podcast guest episodes keeps coming back? Trying to separate what is actually interesting from what is just loud online. Would love your opinion. Curious whether people changed their mind over the last few weeks.,can someone explain why podcast guest episodes keeps coming back trying to separate what is actually interesting from what is just loud online would love your opinion curious whether people changed their mind over the last few weeks ,1,0,1,London,Student,female
demo_shameless_community,Demo Shameless Community,comment,715e3ce2-bc50-4e70-b27a-ed352ec50d7d,96893c7b-7acc-4d2e-820f-a2977f4e8af8,,ec455a41-4c72-4c7d-9ace-89f42929f39e,brookea,2026-02-09 23:33:00+00:00,"There is a good point buried in the mess, but people are reacting to the performance of it all.",there is a good point buried in the mess but people are reacting to the performance of it all ,3,0,3,London,Student,female
demo_shameless_community,Demo Shameless Community,comment,e2ff097e-96b5-43eb-b830-3a88c40faf53,96893c7b-7acc-4d2e-820f-a2977f4e8af8,,971b74b9-34b6-4d68-b86b-6374e2cf764f,remis,2026-02-10 08:33:00+00:00,I think the internet is flattening the most interesting part of it.,i think the internet is flattening the most interesting part of it ,0,0,0,Bristol,Nonprofit,male
demo_shameless_community,Demo Shameless Community,comment,e58a5ef3-a1df-44a1-a35d-0016b708f748,96893c7b-7acc-4d2e-820f-a2977f4e8af8,,1fd42c2d-fadb-4794-8d33-f4eefae244ac,cleo,2026-02-10 10:33:00+00:00,This would make such a good newsletter round-up topic.,this would make such a good newsletter round up topic ,0,0,0,Auckland,Healthcare,non_binary
demo_shameless_community,Demo Shameless Community,post,00cbe6bf-483d-4e0e-a1f5-25608d99613d,00cbe6bf-483d-4e0e-a1f5-25608d99613d,,af539199-de83-4688-9b2a-e07b09231d2a,delia_daily,2026-02-10 13:08:00+00:00,Hot take request: girlboss backlash. I want the read that makes the whole thing click. Please send your article or voice note. Bonus points if it's more thoughtful than whatever TikTok is doing with it today.,hot take request girlboss backlash i want the read that makes the whole thing click please send your article or voice note bonus points if it s more thoughtful than whatever tiktok is doing with it today ,2,1,3,Melbourne,Finance,non_binary
demo_shameless_community,Demo Shameless Community,comment,eb0e59a7-2b47-4e59-a172-0b2ea75db8d1,00cbe6bf-483d-4e0e-a1f5-25608d99613d,,e6716ed7-f5f8-4f76-8b16-786cb55b5c1a,rubyx,2026-02-10 16:08:00+00:00,"I don't even fully disagree, I just think people overcorrect online.",i don t even fully disagree i just think people overcorrect online ,0,0,0,Auckland,Government,female
demo_shameless_community,Demo Shameless Community,post,52d9a4ff-e0e3-43bb-a7bb-940f06c81c4a,52d9a4ff-e0e3-43bb-a7bb-940f06c81c4a,,3c46fc4c-22a4-4dca-9078-1eb0d5d529cc,mads,2026-02-12 09:05:00+00:00,I keep circling back to internet overexposure. This has been rattling around in my head since the latest episode. Keen for the community's smartest read.,i keep circling back to internet overexposure this has been rattling around in my head since the latest episode keen for the community s smartest read ,2,2,4,London,Legal,male
demo_shameless_community,Demo Shameless Community,post,13cc3fe7-d385-499e-8c46-e80b373fd448,13cc3fe7-d385-499e-8c46-e80b373fd448,,971b74b9-34b6-4d68-b86b-6374e2cf764f,remis,2026-02-12 09:47:00+00:00,Can someone explain why sad girl pop keeps coming back? Trying to separate what is actually interesting from what is just loud online. Would love your take.,can someone explain why sad girl pop keeps coming back trying to separate what is actually interesting from what is just loud online would love your take ,3,3,6,Bristol,Nonprofit,male
demo_shameless_community,Demo Shameless Community,comment,439dd524-f900-471f-9212-7ebf017aaa85,13cc3fe7-d385-499e-8c46-e80b373fd448,,1fd42c2d-fadb-4794-8d33-f4eefae244ac,cleo,2026-02-12 14:47:00+00:00,Same. It lands differently once you think about who the audience is.,same it lands differently once you think about who the audience is ,1,0,1,Auckland,Healthcare,non_binary
demo_shameless_community,Demo Shameless Community,comment,727d45c5-b79e-4bc2-84c8-7b4c0e544f3f,52d9a4ff-e0e3-43bb-a7bb-940f06c81c4a,,7b71142d-776d-422c-9dd8-e8a1db4563e1,layla,2026-02-12 17:05:00+00:00,"There is a good point buried in the mess, but people are reacting to the performance of it all.",there is a good point buried in the mess but people are reacting to the performance of it all ,0,0,0,Wellington,Marketing,female
demo_shameless_community,Demo Shameless Community,comment,5a5c31e7-917f-4684-8274-8cbd62f291d3,13cc3fe7-d385-499e-8c46-e80b373fd448,439dd524-f900-471f-9212-7ebf017aaa85,6282edfc-8011-4fa6-b0a1-a461e37f1c3b,dani54,2026-02-12 18:47:00+00:00,Replying because my unglamorous answer is that PR teams are better at shaping the vibe than the substance.,replying because my unglamorous answer is that pr teams are better at shaping the vibe than the substance ,0,0,0,Melbourne,Healthcare,prefer_not_to_say
demo_shameless_community,Demo Shameless Community,comment,fa3e8ce7-4156-4e6a-93ab-a6d9a6a625f8,13cc3fe7-d385-499e-8c46-e80b373fd448,,d48cb34a-67cb-4a35-ab29-05b3fd2d2699,ana,2026-02-13 06:47:00+00:00,"I don't have a full thesis, but my gut says we're rewarding familiarity.",i don t have a full thesis but my gut says we re rewarding familiarity ,2,0,2,London,Nonprofit,male
demo_shameless_community,Demo Shameless Community,comment,28835985-2934-49de-96ff-d2a9505ef804,52d9a4ff-e0e3-43bb-a7bb-940f06c81c4a,,8c3853ef-e9fd-489e-a00e-c4e6de6388c3,soph,2026-02-13 11:05:00+00:00,There is also a class angle here that people skip past.,there is also a class angle here that people skip past ,1,0,1,Bristol,Healthcare,female
demo_shameless_community,Demo Shameless Community,post,c09b7467-d5f1-456c-8f6e-5d015f0248b7,c09b7467-d5f1-456c-8f6e-5d015f0248b7,,b3cbce25-bcfc-4039-8e81-460817f8514c,poppy_club,2026-02-15 09:00:00+00:00,Need the group's view on book-to-screen adaptations. I want the read that makes the whole thing click. Please send your must-read. Bonus points if it's more thoughtful than whatever TikTok is doing with it today.,need the group s view on book to screen adaptations i want the read that makes the whole thing click please send your must read bonus points if it s more thoughtful than whatever tiktok is doing with it today ,5,5,10,London,Government,female
demo_shameless_community,Demo Shameless Community,post,c9f7127c-9264-451c-b158-7b0ccf7aff0b,c9f7127c-9264-451c-b158-7b0ccf7aff0b,,3c46fc4c-22a4-4dca-9078-1eb0d5d529cc,mads,2026-02-15 18:51:00+00:00,I keep circling back to reality TV villains. I need the intelligent-but-not-too-serious version of this conversation. Hit me with your smartest dumb take.,i keep circling back to reality tv villains i need the intelligent but not too serious version of this conversation hit me with your smartest dumb take ,3,4,7,London,Legal,male
demo_shameless_community,Demo Shameless Community,comment,d4b7dda2-861b-4ba0-a0e0-4dc4f80852d3,c09b7467-d5f1-456c-8f6e-5d015f0248b7,,f5984d39-e284-42e8-8ba7-5bb425a0a5bc,hallezz,2026-02-15 19:00:00+00:00,"Yes, and the tone matters almost more than the facts.",yes and the tone matters almost more than the facts ,1,0,1,Bristol,Technology,male
demo_shameless_community,Demo Shameless Community,comment,6ff35f19-baf2-45d2-86ec-b945790893b1,c09b7467-d5f1-456c-8f6e-5d015f0248b7,,19f2ec2b-a1e3-4519-84fa-d81188027b81,nell_xo,2026-02-16 07:00:00+00:00,"I don't have a full thesis, but my gut says we're rewarding familiarity.",i don t have a full thesis but my gut says we re rewarding familiarity ,0,0,0,Sydney,Healthcare,male
demo_shameless_community,Demo Shameless Community,comment,24b17c62-08a5-4303-8eae-30957777ca55,c9f7127c-9264-451c-b158-7b0ccf7aff0b,,fa3fabd0-38ca-4d43-a274-3deee2633ae3,casshq,2026-02-16 09:51:00+00:00,For me it comes down to whether the person seems self-aware or just strategic.,for me it comes down to whether the person seems self aware or just strategic ,3,0,3,Adelaide,Publishing,female
demo_shameless_community,Demo Shameless Community,comment,dc414508-62f9-4cdb-8659-fe461058ea4c,c9f7127c-9264-451c-b158-7b0ccf7aff0b,24b17c62-08a5-4303-8eae-30957777ca55,66c36fbf-b638-48b9-82db-f015331857ba,isla_x,2026-02-16 15:51:00+00:00,Small addition: i think the internet is flattening the most interesting part of it.,small addition i think the internet is flattening the most interesting part of it ,1,0,1,Manchester,Student,female
demo_shameless_community,Demo Shameless Community,comment,030706e1-9c20-45bf-87b8-cf29e03ff65b,c9f7127c-9264-451c-b158-7b0ccf7aff0b,,26ea0c6b-e2be-4c73-8b4a-ea05405e5aaf,willa55,2026-02-16 18:51:00+00:00,For me it comes down to whether the person seems self-aware or just strategic.,for me it comes down to whether the person seems self aware or just strategic ,0,0,0,Gold Coast,Student,prefer_not_to_say
demo_shameless_community,Demo Shameless Community,post,45d2fb24-52fa-4261-a4b3-e3ccf5ecdc76,45d2fb24-52fa-4261-a4b3-e3ccf5ecdc76,,2b45a69d-9c7d-49d0-b5e6-f94c40a15556,kate92,2026-02-16 21:22:00+00:00,Who has the best take on movie press tours? Feels like there is a more interesting angle here than the obvious one. Share your thought.,who has the best take on movie press tours feels like there is a more interesting angle here than the obvious one share your thought ,0,1,1,Adelaide,Technology,male
demo_shameless_community,Demo Shameless Community,comment,feed2209-c8db-41fe-966f-04e52303a19e,c9f7127c-9264-451c-b158-7b0ccf7aff0b,24b17c62-08a5-4303-8eae-30957777ca55,0bf84a80-6729-4c12-80af-652ef37f5f0b,beth,2026-02-17 00:51:00+00:00,Small addition: i would love a longer episode on this because the nuance disappears in clips.,small addition i would love a longer episode on this because the nuance disappears in clips ,2,0,2,Christchurch,Technology,female
demo_shameless_community,Demo Shameless Community,comment,ea4e9456-d134-435b-b35c-b15c8c6c734b,c09b7467-d5f1-456c-8f6e-5d015f0248b7,,971b74b9-34b6-4d68-b86b-6374e2cf764f,remis,2026-02-17 01:00:00+00:00,"I don't even fully disagree, I just think people overcorrect online.",i don t even fully disagree i just think people overcorrect online ,2,0,2,Bristol,Nonprofit,male
demo_shameless_community,Demo Shameless Community,comment,d3226735-e74d-4a3c-a8f7-72be75d8a0f5,45d2fb24-52fa-4261-a4b3-e3ccf5ecdc76,,6d66c1c2-9ed8-4b9e-bc4b-720a027cfcc6,lottiea,2026-02-17 01:22:00+00:00,My take is less dramatic: people just want a neat story arc.,my take is less dramatic people just want a neat story arc ,2,0,2,Singapore,Consulting,male
demo_shameless_community,Demo Shameless Community,comment,bde54e29-ea72-4537-aa73-39552fcdc7eb,c09b7467-d5f1-456c-8f6e-5d015f0248b7,,92a2012e-738d-4a74-becf-07dd07ab44f7,lila,2026-02-17 13:00:00+00:00,The most revealing part is always what gets framed as relatable.,the most revealing part is always what gets framed as relatable ,0,0,0,Wellington,Advertising,female
demo_shameless_community,Demo Shameless Community,post,d9bb1bd3-1106-4db0-9c63-2968dd55af46,d9bb1bd3-1106-4db0-9c63-2968dd55af46,,f5984d39-e284-42e8-8ba7-5bb425a0a5bc,hallezz,2026-02-17 18:42:00+00:00,Can someone explain why microtrend fatigue keeps coming back? I need the intelligent-but-not-too-serious version of this conversation. Hit me with your best Substack. Curious whether people changed their mind over the last few weeks.,can someone explain why microtrend fatigue keeps coming back i need the intelligent but not too serious version of this conversation hit me with your best substack curious whether people changed their mind over the last few weeks ,3,5,8,Bristol,Technology,male
demo_shameless_community,Demo Shameless Community,post,7e509fbc-9b1b-4e25-a0de-2eab1a6baca9,7e509fbc-9b1b-4e25-a0de-2eab1a6baca9,,2b45a69d-9c7d-49d0-b5e6-f94c40a15556,kate92,2026-02-17 21:27:00+00:00,What are we all thinking about brand founder scandals right now? I need the intelligent-but-not-too-serious version of this conversation. Hit me with your reading rec. Curious whether people changed their mind over the last few weeks.,what are we all thinking about brand founder scandals right now i need the intelligent but not too serious version of this conversation hit me with your reading rec curious whether people changed their mind over the last few weeks ,3,3,6,Adelaide,Technology,male
demo_shameless_community,Demo Shameless Community,comment,53cdb2c7-2aaf-487b-8a15-76ea344ccb98,c09b7467-d5f1-456c-8f6e-5d015f0248b7,6ff35f19-baf2-45d2-86ec-b945790893b1,3c46fc4c-22a4-4dca-9078-1eb0d5d529cc,mads,2026-02-18 01:00:00+00:00,"Totally, but i keep coming back to who benefits from the framing.",totally but i keep coming back to who benefits from the framing ,0,0,0,London,Legal,male
demo_shameless_community,Demo Shameless Community,comment,bbe68d1f-e7ad-470c-a70f-89df924091d3,7e509fbc-9b1b-4e25-a0de-2eab1a6baca9,,ec455a41-4c72-4c7d-9ace-89f42929f39e,brookea,2026-02-18 03:27:00+00:00,I think we pretend these conversations are about ethics when half the time they are about taste.,i think we pretend these conversations are about ethics when half the time they are about taste ,1,0,1,London,Student,female
demo_shameless_community,Demo Shameless Community,post,04381e62-55ea-415f-bb7d-438aabb21a79,04381e62-55ea-415f-bb7d-438aabb21a79,,7f39d49f-9c12-4e0e-a1b9-39bed12bbf31,gemmanotes,2026-02-18 08:15:00+00:00,Who has the best take on comfort rewatches? I keep hearing versions of the same argument and want something smarter than the timeline. Drop your show rec. Curious whether people changed their mind over the last few weeks.,who has the best take on comfort rewatches i keep hearing versions of the same argument and want something smarter than the timeline drop your show rec curious whether people changed their mind over the last few weeks ,1,3,4,Wellington,Technology,non_binary
demo_shameless_community,Demo Shameless Community,comment,b7b6de99-7c64-4710-a050-03f0861360d1,d9bb1bd3-1106-4db0-9c63-2968dd55af46,,1fd42c2d-fadb-4794-8d33-f4eefae244ac,cleo,2026-02-18 09:42:00+00:00,"I don't have a full thesis, but my gut says we're rewarding familiarity.",i don t have a full thesis but my gut says we re rewarding familiarity ,1,0,1,Auckland,Healthcare,non_binary
demo_shameless_community,Demo Shameless Community,comment,f40ebf7b-f463-412d-9d1b-ab18f37f6846,04381e62-55ea-415f-bb7d-438aabb21a79,,36440350-a43e-4388-b514-a9a691954bc9,mae,2026-02-18 11:15:00+00:00,"I don't have a full thesis, but my gut says we're rewarding familiarity.",i don t have a full thesis but my gut says we re rewarding familiarity ,1,0,1,Auckland,Healthcare,non_binary
demo_shameless_community,Demo Shameless Community,comment,b747a3c2-b4f7-408d-b0c6-9bae353960e9,7e509fbc-9b1b-4e25-a0de-2eab1a6baca9,,af539199-de83-4688-9b2a-e07b09231d2a,delia_daily,2026-02-18 12:27:00+00:00,Honestly I think audience fatigue is doing half the work here.,honestly i think audience fatigue is doing half the work here ,1,0,1,Melbourne,Finance,non_binary
demo_shameless_community,Demo Shameless Community,comment,606ba6b9-2c7f-4831-b0ab-0521aaa0a1f7,04381e62-55ea-415f-bb7d-438aabb21a79,f40ebf7b-f463-412d-9d1b-ab18f37f6846,f97fc0e9-dace-4428-8859-ad8ebd2532fd,tara,2026-02-18 13:15:00+00:00,Small addition: there is also a class angle here that people skip past.,small addition there is also a class angle here that people skip past ,1,0,1,Newcastle,Hospitality,female
demo_shameless_community,Demo Shameless Community,comment,e08e0102-a0aa-464c-9a7c-6ef2eb641c39,04381e62-55ea-415f-bb7d-438aabb21a79,,7b71142d-776d-422c-9dd8-e8a1db4563e1,layla,2026-02-18 14:15:00+00:00,"I don't have a full thesis, but my gut says we're rewarding familiarity.",i don t have a full thesis but my gut says we re rewarding familiarity ,2,0,2,Wellington,Marketing,female
demo_shameless_community,Demo Shameless Community,comment,cbea9f7f-5a43-403a-842d-7918ca27a59c,7e509fbc-9b1b-4e25-a0de-2eab1a6baca9,,46700dca-926f-4da6-8b42-bd0228cb799e,remi22,2026-02-18 15:27:00+00:00,There is also a class angle here that people skip past.,there is also a class angle here that people skip past ,0,0,0,Sydney,Healthcare,female
demo_shameless_community,Demo Shameless Community,post,033994b2-ad20-420d-9965-d280108ca03a,033994b2-ad20-420d-9965-d280108ca03a,,64bf7b66-caf8-4812-90d6-79cc29ed42f0,elsie_club,2026-02-18 18:15:00+00:00,Can someone explain why podcast guest episodes keeps coming back? I want the read that makes the whole thing click. Please send your opinion.,can someone explain why podcast guest episodes keeps coming back i want the read that makes the whole thing click please send your opinion ,3,1,4,Canberra,Education,non_binary
demo_shameless_community,Demo Shameless Community,post,66f1bd4d-6441-4532-a12b-06949c949a7a,66f1bd4d-6441-4532-a12b-06949c949a7a,,3c46fc4c-22a4-4dca-9078-1eb0d5d529cc,mads,2026-02-18 19:47:00+00:00,Is anyone else fully locked into reality TV villains discourse? Feels like there is a more interesting angle here than the obvious one. Share your smartest dumb take. Curious whether people changed their mind over the last few weeks.,is anyone else fully locked into reality tv villains discourse feels like there is a more interesting angle here than the obvious one share your smartest dumb take curious whether people changed their mind over the last few weeks ,3,3,6,London,Legal,male
demo_shameless_community,Demo Shameless Community,comment,3b7edcce-4e53-430d-bd1d-6b9f0d3b79dd,66f1bd4d-6441-4532-a12b-06949c949a7a,,6d66c1c2-9ed8-4b9e-bc4b-720a027cfcc6,lottiea,2026-02-18 23:47:00+00:00,"I don't have a full thesis, but my gut says we're rewarding familiarity.",i don t have a full thesis but my gut says we re rewarding familiarity ,1,0,1,Singapore,Consulting,male
demo_shameless_community,Demo Shameless Community,comment,bfe80a14-0d5e-479f-b445-677012076226,66f1bd4d-6441-4532-a12b-06949c949a7a,,6282edfc-8011-4fa6-b0a1-a461e37f1c3b,dani54,2026-02-19 02:47:00+00:00,For me it comes down to whether the person seems self-aware or just strategic.,for me it comes down to whether the person seems self aware or just strategic ,0,0,0,Melbourne,Healthcare,prefer_not_to_say
demo_shameless_community,Demo Shameless Community,comment,a50eea8e-f102-4e03-a1e6-fc2aa0baf5fd,d9bb1bd3-1106-4db0-9c63-2968dd55af46,,5ba27d3d-ac03-42e9-931a-893a0bc836f6,nia,2026-02-19 03:42:00+00:00,"Yes, and the tone matters almost more than the facts.",yes and the tone matters almost more than the facts ,0,0,0,Bristol,Fashion,female
demo_shameless_community,Demo Shameless Community,comment,8e717006-ec73-4a05-ae60-448492566c39,d9bb1bd3-1106-4db0-9c63-2968dd55af46,,f97fc0e9-dace-4428-8859-ad8ebd2532fd,tara,2026-02-19 05:42:00+00:00,My unglamorous answer is that PR teams are better at shaping the vibe than the substance.,my unglamorous answer is that pr teams are better at shaping the vibe than the substance ,1,0,1,Newcastle,Hospitality,female
demo_shameless_community,Demo Shameless Community,comment,96188bbc-1926-4f39-9627-f972de9ad9a3,033994b2-ad20-420d-9965-d280108ca03a,,8c3853ef-e9fd-489e-a00e-c4e6de6388c3,soph,2026-02-19 06:15:00+00:00,For me it comes down to whether the person seems self-aware or just strategic.,for me it comes down to whether the person seems self aware or just strategic ,1,0,1,Bristol,Healthcare,female
demo_shameless_community,Demo Shameless Community,comment,4522c9a6-c186-41af-9b9f-a01c90c59c23,d9bb1bd3-1106-4db0-9c63-2968dd55af46,,19f2ec2b-a1e3-4519-84fa-d81188027b81,nell_xo,2026-02-19 11:42:00+00:00,For me it comes down to whether the person seems self-aware or just strategic.,for me it comes down to whether the person seems self aware or just strategic ,2,0,2,Sydney,Healthcare,male
demo_shameless_community,Demo Shameless Community,comment,9bde5855-1dae-4a2d-9c48-b5f839484eb4,d9bb1bd3-1106-4db0-9c63-2968dd55af46,,1fd42c2d-fadb-4794-8d33-f4eefae244ac,cleo,2026-02-19 13:42:00+00:00,I would love a longer episode on this because the nuance disappears in clips.,i would love a longer episode on this because the nuance disappears in clips ,2,0,2,Auckland,Healthcare,non_binary
demo_shameless_community,Demo Shameless Community,comment,05857726-b6ef-405f-8437-4a94c7999506,66f1bd4d-6441-4532-a12b-06949c949a7a,,b3cbce25-bcfc-4039-8e81-460817f8514c,poppy_club,2026-02-19 20:47:00+00:00,I would love a longer episode on this because the nuance disappears in clips.,i would love a longer episode on this because the nuance disappears in clips ,0,0,0,London,Government,female
demo_shameless_community,Demo Shameless Community,post,57efd739-b593-4cff-8907-c57dcc1542c3,57efd739-b593-4cff-8907-c57dcc1542c3,,8c3853ef-e9fd-489e-a00e-c4e6de6388c3,soph,2026-02-21 12:27:00+00:00,Need the group's view on PR relationships. Trying to separate what is actually interesting from what is just loud online. Would love your spiciest theory. Bonus points if it's more thoughtful than whatever TikTok is doing with it today.,need the group s view on pr relationships trying to separate what is actually interesting from what is just loud online would love your spiciest theory bonus points if it s more thoughtful than whatever tiktok is doing with it today ,0,1,1,Bristol,Healthcare,female
demo_shameless_community,Demo Shameless Community,comment,b60e76d0-51ef-4189-88fd-ccb0247bdc9e,57efd739-b593-4cff-8907-c57dcc1542c3,,fa3fabd0-38ca-4d43-a274-3deee2633ae3,casshq,2026-02-21 20:27:00+00:00,My take is less dramatic: people just want a neat story arc.,my take is less dramatic people just want a neat story arc ,0,0,0,Adelaide,Publishing,female
demo_shameless_community,Demo Shameless Community,post,7c559900-3e3b-473f-ac91-867324296eef,7c559900-3e3b-473f-ac91-867324296eef,,f6819374-e53e-4919-90db-67893b46a553,tess,2026-02-24 10:18:00+00:00,Is anyone else fully locked into wellness rebrands discourse? I want the read that makes the whole thing click. Please send your sharpest piece.,is anyone else fully locked into wellness rebrands discourse i want the read that makes the whole thing click please send your sharpest piece ,2,3,5,Sydney,Education,female
demo_shameless_community,Demo Shameless Community,comment,ff9d3cda-81f9-4d9a-b2c8-135242b1c26b,7c559900-3e3b-473f-ac91-867324296eef,,19f2ec2b-a1e3-4519-84fa-d81188027b81,nell_xo,2026-02-24 13:18:00+00:00,"I had not thought about it that way, but that feels right.",i had not thought about it that way but that feels right ,1,0,1,Sydney,Healthcare,male
demo_shameless_community,Demo Shameless Community,comment,bd6064aa-3ff8-471c-a2c0-1eedc3f2a976,7c559900-3e3b-473f-ac91-867324296eef,,c46eb7b5-1cd6-4b09-97c3-0cb70933c953,fern,2026-02-24 19:18:00+00:00,This is why I miss slower media cycles.,this is why i miss slower media cycles ,0,0,0,Manchester,Consulting,female
demo_shameless_community,Demo Shameless Community,comment,fcf0aa08-3e57-4a86-8b7a-86641fa24c02,7c559900-3e3b-473f-ac91-867324296eef,,f97fc0e9-dace-4428-8859-ad8ebd2532fd,tara,2026-02-25 01:18:00+00:00,For me it comes down to whether the person seems self-aware or just strategic.,for me it comes down to whether the person seems self aware or just strategic ,1,0,1,Newcastle,Hospitality,female
demo_shameless_community,Demo Shameless Community,post,12fd3bb1-5fe1-43de-9573-8e9ba31b4da9,12fd3bb1-5fe1-43de-9573-8e9ba31b4da9,,1fd42c2d-fadb-4794-8d33-f4eefae244ac,cleo,2026-02-25 09:55:00+00:00,What are we all thinking about redemption arcs right now? Feels like there is a more interesting angle here than the obvious one. Share your best nuanced take. Curious whether people changed their mind over the last few weeks.,what are we all thinking about redemption arcs right now feels like there is a more interesting angle here than the obvious one share your best nuanced take curious whether people changed their mind over the last few weeks ,2,2,4,Auckland,Healthcare,non_binary
demo_shameless_community,Demo Shameless Community,comment,9e24f359-b54c-4369-b2fb-eca386e220eb,12fd3bb1-5fe1-43de-9573-8e9ba31b4da9,,4cca996c-dea3-42ff-aa43-0212eb63d16c,islax,2026-02-25 11:55:00+00:00,This is why I miss slower media cycles.,this is why i miss slower media cycles ,1,0,1,Gold Coast,Healthcare,female
demo_shameless_community,Demo Shameless Community,comment,b3c4dff6-2c9e-4494-a723-be2175ff5cb9,12fd3bb1-5fe1-43de-9573-8e9ba31b4da9,,f97fc0e9-dace-4428-8859-ad8ebd2532fd,tara,2026-02-25 14:55:00+00:00,"Yes, and the tone matters almost more than the facts.",yes and the tone matters almost more than the facts ,1,0,1,Newcastle,Hospitality,female
demo_shameless_community,Demo Shameless Community,post,3c7eea98-5f6e-4207-8a66-0364d68f5248,3c7eea98-5f6e-4207-8a66-0364d68f5248,,36440350-a43e-4388-b514-a9a691954bc9,mae,2026-02-28 08:08:00+00:00,Open thread for celebrity memoirs. I want the read that makes the whole thing click. Please send your essay or podcast.,open thread for celebrity memoirs i want the read that makes the whole thing click please send your essay or podcast ,1,2,3,Auckland,Healthcare,non_binary
demo_shameless_community,Demo Shameless Community,comment,bab80173-0a0d-45cb-94c3-3a7f61b64422,3c7eea98-5f6e-4207-8a66-0364d68f5248,,b09208d7-39f5-4e12-b9b2-f069b81a344f,elsie,2026-02-28 16:08:00+00:00,"There is a good point buried in the mess, but people are reacting to the performance of it all.",there is a good point buried in the mess but people are reacting to the performance of it all ,1,0,1,Melbourne,Marketing,male
demo_shameless_community,Demo Shameless Community,comment,7cec3b39-e915-4d94-87be-b241096681b4,3c7eea98-5f6e-4207-8a66-0364d68f5248,,f5984d39-e284-42e8-8ba7-5bb425a0a5bc,hallezz,2026-02-28 18:08:00+00:00,I keep coming back to who benefits from the framing.,i keep coming back to who benefits from the framing ,1,0,1,Bristol,Technology,male
demo_shameless_community,Demo Shameless Community,post,ed7b8f54-d1a5-4f3a-941f-a7e75344195e,ed7b8f54-d1a5-4f3a-941f-a7e75344195e,,cdec4c8a-245c-45c0-b460-1088a8215823,freya,2026-02-28 19:39:00+00:00,Hot take request: Messy celeb interviews. Trying to separate what is actually interesting from what is just loud online. Would love your article.,hot take request messy celeb interviews trying to separate what is actually interesting from what is just loud online would love your article ,0,0,0,Brisbane,Technology,female
demo_shameless_community,Demo Shameless Community,post,4bc06f4b-4d4f-4bcc-b8de-3c49fae131eb,4bc06f4b-4d4f-4bcc-b8de-3c49fae131eb,,af539199-de83-4688-9b2a-e07b09231d2a,delia_daily,2026-03-02 10:33:00+00:00,Open thread for microtrend fatigue. This has been rattling around in my head since the latest episode. Keen for the community's best Substack.,open thread for microtrend fatigue this has been rattling around in my head since the latest episode keen for the community s best substack ,2,0,2,Melbourne,Finance,non_binary
demo_shameless_community,Demo Shameless Community,post,e31312cc-d03c-4cf9-95c6-d70a2055871c,e31312cc-d03c-4cf9-95c6-d70a2055871c,,1fd42c2d-fadb-4794-8d33-f4eefae244ac,cleo,2026-03-03 13:51:00+00:00,Open thread for sad girl pop. I want the read that makes the whole thing click. Please send your take.,open thread for sad girl pop i want the read that makes the whole thing click please send your take ,3,0,3,Auckland,Healthcare,non_binary
demo_shameless_community,Demo Shameless Community,post,0e3815a8-14f2-4da9-bac0-254a9b9149de,0e3815a8-14f2-4da9-bac0-254a9b9149de,,92a2012e-738d-4a74-becf-07dd07ab44f7,lila,2026-03-03 20:27:00+00:00,I keep circling back to tabloid ethics. This has been rattling around in my head since the latest episode. Keen for the community's thoughtful take.,i keep circling back to tabloid ethics this has been rattling around in my head since the latest episode keen for the community s thoughtful take ,2,5,7,Wellington,Advertising,female
demo_shameless_community,Demo Shameless Community,post,dea130a3-c077-4e06-9ed9-928c02b1367d,dea130a3-c077-4e06-9ed9-928c02b1367d,,cdec4c8a-245c-45c0-b460-1088a8215823,freya,2026-03-03 20:51:00+00:00,What are we all thinking about Messy celeb interviews right now? I keep hearing versions of the same argument and want something smarter than the timeline. Drop your article.,what are we all thinking about messy celeb interviews right now i keep hearing versions of the same argument and want something smarter than the timeline drop your article ,2,2,4,Brisbane,Technology,female
demo_shameless_community,Demo Shameless Community,comment,0696ace3-946d-4bba-8ef4-2213175e25af,dea130a3-c077-4e06-9ed9-928c02b1367d,,2b45a69d-9c7d-49d0-b5e6-f94c40a15556,kate92,2026-03-04 00:51:00+00:00,There is also a class angle here that people skip past.,there is also a class angle here that people skip past ,1,0,1,Adelaide,Technology,male
demo_shameless_community,Demo Shameless Community,comment,7b441a78-0725-435b-a5e1-760e49d496ac,0e3815a8-14f2-4da9-bac0-254a9b9149de,,7f39d49f-9c12-4e0e-a1b9-39bed12bbf31,gemmanotes,2026-03-04 11:27:00+00:00,I think we pretend these conversations are about ethics when half the time they are about taste.,i think we pretend these conversations are about ethics when half the time they are about taste ,2,0,2,Wellington,Technology,non_binary
demo_shameless_community,Demo Shameless Community,comment,42eef52c-ba07-4e38-8762-d3e55e948fb2,dea130a3-c077-4e06-9ed9-928c02b1367d,0696ace3-946d-4bba-8ef4-2213175e25af,b09208d7-39f5-4e12-b9b2-f069b81a344f,elsie,2026-03-04 18:51:00+00:00,Small addition: same. It lands differently once you think about who the audience is.,small addition same it lands differently once you think about who the audience is ,1,0,1,Melbourne,Marketing,male
demo_shameless_community,Demo Shameless Community,comment,8cac6e7a-41f7-4df4-bc8e-7046534a39e2,0e3815a8-14f2-4da9-bac0-254a9b9149de,,17bb260a-3064-4c39-937e-f3e36ac5549e,josie75,2026-03-04 23:27:00+00:00,"I don't have a full thesis, but my gut says we're rewarding familiarity.",i don t have a full thesis but my gut says we re rewarding familiarity ,2,0,2,Gold Coast,Healthcare,female
demo_shameless_community,Demo Shameless Community,comment,6548cf1e-41ac-4e46-bbce-2641b7ee4044,0e3815a8-14f2-4da9-bac0-254a9b9149de,,c46eb7b5-1cd6-4b09-97c3-0cb70933c953,fern,2026-03-05 00:27:00+00:00,My unglamorous answer is that PR teams are better at shaping the vibe than the substance.,my unglamorous answer is that pr teams are better at shaping the vibe than the substance ,3,0,3,Manchester,Consulting,female
demo_shameless_community,Demo Shameless Community,comment,d30e1b53-3e5a-4fe6-9358-7c9b41213832,0e3815a8-14f2-4da9-bac0-254a9b9149de,,8c3853ef-e9fd-489e-a00e-c4e6de6388c3,soph,2026-03-05 06:27:00+00:00,I keep coming back to who benefits from the framing.,i keep coming back to who benefits from the framing ,0,0,0,Bristol,Healthcare,female
demo_shameless_community,Demo Shameless Community,comment,7d0723a7-b68d-4c3c-9029-fb4fbc6ee99a,0e3815a8-14f2-4da9-bac0-254a9b9149de,,66c36fbf-b638-48b9-82db-f015331857ba,isla_x,2026-03-05 08:27:00+00:00,Same. It lands differently once you think about who the audience is.,same it lands differently once you think about who the audience is ,2,0,2,Manchester,Student,female
demo_shameless_community,Demo Shameless Community,post,a5805a92-36f4-4cc4-b616-30b62410a9f6,a5805a92-36f4-4cc4-b616-30b62410a9f6,,17bb260a-3064-4c39-937e-f3e36ac5549e,josie75,2026-03-05 10:55:00+00:00,Open thread for award season narratives. I want the read that makes the whole thing click. Please send your hot take.,open thread for award season narratives i want the read that makes the whole thing click please send your hot take ,5,4,9,Gold Coast,Healthcare,female
demo_shameless_community,Demo Shameless Community,post,362162d6-74bd-4995-9f26-3a63d04e2e9a,362162d6-74bd-4995-9f26-3a63d04e2e9a,,26ea0c6b-e2be-4c73-8b4a-ea05405e5aaf,willa55,2026-03-05 18:12:00+00:00,Open thread for girlboss backlash. Feels like there is a more interesting angle here than the obvious one. Share your article or voice note. Bonus points if it's more thoughtful than whatever TikTok is doing with it today.,open thread for girlboss backlash feels like there is a more interesting angle here than the obvious one share your article or voice note bonus points if it s more thoughtful than whatever tiktok is doing with it today ,1,2,3,Gold Coast,Student,prefer_not_to_say
demo_shameless_community,Demo Shameless Community,comment,a6a4547f-6870-4c06-9d28-01086372c1e8,a5805a92-36f4-4cc4-b616-30b62410a9f6,,971b74b9-34b6-4d68-b86b-6374e2cf764f,remis,2026-03-06 01:55:00+00:00,"I don't have a full thesis, but my gut says we're rewarding familiarity.",i don t have a full thesis but my gut says we re rewarding familiarity ,2,0,2,Bristol,Nonprofit,male
demo_shameless_community,Demo Shameless Community,comment,94405129-4cf7-486f-9973-bcec5c5d50dc,362162d6-74bd-4995-9f26-3a63d04e2e9a,,7b71142d-776d-422c-9dd8-e8a1db4563e1,layla,2026-03-06 04:12:00+00:00,For me it comes down to whether the person seems self-aware or just strategic.,for me it comes down to whether the person seems self aware or just strategic ,0,0,0,Wellington,Marketing,female
demo_shameless_community,Demo Shameless Community,comment,386fe5fc-c054-45fc-9368-17af7c9fc037,362162d6-74bd-4995-9f26-3a63d04e2e9a,,f97e3d10-e2db-475f-bf73-9786196958f3,larab,2026-03-06 08:12:00+00:00,There is also a class angle here that people skip past.,there is also a class angle here that people skip past ,1,0,1,London,Marketing,non_binary
demo_shameless_community,Demo Shameless Community,comment,9fe743e2-d586-4744-9224-7d283165b838,a5805a92-36f4-4cc4-b616-30b62410a9f6,,465c489c-3cf7-4689-84eb-1e50fe97d34e,siennanotes,2026-03-06 13:55:00+00:00,Same. It lands differently once you think about who the audience is.,same it lands differently once you think about who the audience is ,0,0,0,Gold Coast,Healthcare,female
demo_shameless_community,Demo Shameless Community,comment,310207a4-f1b4-4bda-ad64-ec579109e7c1,a5805a92-36f4-4cc4-b616-30b62410a9f6,,1c685bd4-a8dc-48db-aeca-bab50ba7438f,esme95,2026-03-06 17:55:00+00:00,"I don't even fully disagree, I just think people overcorrect online.",i don t even fully disagree i just think people overcorrect online ,1,0,1,Auckland,Education,female
demo_shameless_community,Demo Shameless Community,post,371176c4-9794-4c97-8f35-22ec0b3b6d8b,371176c4-9794-4c97-8f35-22ec0b3b6d8b,,d166e831-26a9-40e0-a695-15fc5c03cd78,layla_x,2026-03-07 08:51:00+00:00,Who has the best take on microtrend fatigue? This has been rattling around in my head since the latest episode. Keen for the community's best Substack. Curious whether people changed their mind over the last few weeks.,who has the best take on microtrend fatigue this has been rattling around in my head since the latest episode keen for the community s best substack curious whether people changed their mind over the last few weeks ,0,1,1,Melbourne,Government,non_binary
demo_shameless_community,Demo Shameless Community,comment,54ab9326-116f-4a8a-8253-594dfb309ad6,a5805a92-36f4-4cc4-b616-30b62410a9f6,310207a4-f1b4-4bda-ad64-ec579109e7c1,4cca996c-dea3-42ff-aa43-0212eb63d16c,islax,2026-03-07 11:55:00+00:00,Small addition: i think the internet is flattening the most interesting part of it.,small addition i think the internet is flattening the most interesting part of it ,1,0,1,Gold Coast,Healthcare,female
demo_shameless_community,Demo Shameless Community,comment,40e0b5c8-3b6d-4e22-904c-186cd3dabaeb,371176c4-9794-4c97-8f35-22ec0b3b6d8b,,bbc73ce5-c560-4c00-a5ed-dd4894dc8188,thea_hq,2026-03-07 14:51:00+00:00,"There is a good point buried in the mess, but people are reacting to the performance of it all.",there is a good point buried in the mess but people are reacting to the performance of it all ,0,0,0,Christchurch,Hospitality,male
demo_shameless_community,Demo Shameless Community,post,3b4c3d7c-2f0a-425c-9781-42ab7e6a3416,3b4c3d7c-2f0a-425c-9781-42ab7e6a3416,,26ea0c6b-e2be-4c73-8b4a-ea05405e5aaf,willa55,2026-03-09 07:42:00+00:00,Who has the best take on PR relationships? I want the read that makes the whole thing click. Please send your spiciest theory.,who has the best take on pr relationships i want the read that makes the whole thing click please send your spiciest theory ,1,3,4,Gold Coast,Student,prefer_not_to_say
demo_shameless_community,Demo Shameless Community,post,77a132e2-57da-4dec-b02e-b237562be12d,77a132e2-57da-4dec-b02e-b237562be12d,,92a2012e-738d-4a74-becf-07dd07ab44f7,lila,2026-03-09 09:55:00+00:00,Open thread for comfort rewatches. Feels like there is a more interesting angle here than the obvious one. Share your show rec. Curious whether people changed their mind over the last few weeks.,open thread for comfort rewatches feels like there is a more interesting angle here than the obvious one share your show rec curious whether people changed their mind over the last few weeks ,1,2,3,Wellington,Advertising,female
demo_shameless_community,Demo Shameless Community,post,9bc32dac-607a-40c6-aba4-29174c182da9,9bc32dac-607a-40c6-aba4-29174c182da9,,8c3853ef-e9fd-489e-a00e-c4e6de6388c3,soph,2026-03-09 10:18:00+00:00,I keep circling back to internet overexposure. Feels like there is a more interesting angle here than the obvious one. Share your smartest read.,i keep circling back to internet overexposure feels like there is a more interesting angle here than the obvious one share your smartest read ,3,0,3,Bristol,Healthcare,female
demo_shameless_community,Demo Shameless Community,post,e1d99ba5-08bb-4cb6-86b0-9b5aaae3ee28,e1d99ba5-08bb-4cb6-86b0-9b5aaae3ee28,,0bf84a80-6729-4c12-80af-652ef37f5f0b,beth,2026-03-09 11:42:00+00:00,Need the group's view on comfort rewatches. Trying to separate what is actually interesting from what is just loud online. Would love your show rec. Curious whether people changed their mind over the last few weeks.,need the group s view on comfort rewatches trying to separate what is actually interesting from what is just loud online would love your show rec curious whether people changed their mind over the last few weeks ,5,5,10,Christchurch,Technology,female
demo_shameless_community,Demo Shameless Community,comment,b0bcb520-45bd-4171-81af-3ee7163c5cce,77a132e2-57da-4dec-b02e-b237562be12d,,c46eb7b5-1cd6-4b09-97c3-0cb70933c953,fern,2026-03-09 11:55:00+00:00,This is exactly the kind of topic that sounds bigger online than it is offline.,this is exactly the kind of topic that sounds bigger online than it is offline ,2,0,2,Manchester,Consulting,female
demo_shameless_community,Demo Shameless Community,comment,eb2b43ea-957c-4a5a-a454-64f4579b4d5d,77a132e2-57da-4dec-b02e-b237562be12d,b0bcb520-45bd-4171-81af-3ee7163c5cce,7f39d49f-9c12-4e0e-a1b9-39bed12bbf31,gemmanotes,2026-03-09 14:55:00+00:00,Counterpoint: i would love a longer episode on this because the nuance disappears in clips.,counterpoint i would love a longer episode on this because the nuance disappears in clips ,0,0,0,Wellington,Technology,non_binary
demo_shameless_community,Demo Shameless Community,comment,98ab9222-c450-4b61-988a-e8069d6bc7df,3b4c3d7c-2f0a-425c-9781-42ab7e6a3416,,7536b309-735c-4261-a2fd-521e379a5ca4,annieb,2026-03-09 19:42:00+00:00,"I don't even fully disagree, I just think people overcorrect online.",i don t even fully disagree i just think people overcorrect online ,1,0,1,Perth,Marketing,female
demo_shameless_community,Demo Shameless Community,comment,16c25701-6b1e-4cde-9ed7-3e01da68251c,e1d99ba5-08bb-4cb6-86b0-9b5aaae3ee28,,4d7418d0-b0c1-441d-9365-e1f5c7cd85c2,bellaclub,2026-03-09 21:42:00+00:00,This is why I miss slower media cycles.,this is why i miss slower media cycles ,0,0,0,Adelaide,Healthcare,female
demo_shameless_community,Demo Shameless Community,comment,fd5ca33f-300d-448d-8d20-d519149ca168,3b4c3d7c-2f0a-425c-9781-42ab7e6a3416,98ab9222-c450-4b61-988a-e8069d6bc7df,bbc73ce5-c560-4c00-a5ed-dd4894dc8188,thea_hq,2026-03-09 22:42:00+00:00,I think the tricky part is i would love a longer episode on this because the nuance disappears in clips.,i think the tricky part is i would love a longer episode on this because the nuance disappears in clips ,2,0,2,Christchurch,Hospitality,male
demo_shameless_community,Demo Shameless Community,comment,846cdcd5-46f2-4603-946e-5a5ff1dc23a8,e1d99ba5-08bb-4cb6-86b0-9b5aaae3ee28,,2b45a69d-9c7d-49d0-b5e6-f94c40a15556,kate92,2026-03-10 03:42:00+00:00,I would love a longer episode on this because the nuance disappears in clips.,i would love a longer episode on this because the nuance disappears in clips ,1,0,1,Adelaide,Technology,male
demo_shameless_community,Demo Shameless Community,comment,b6d88dfd-a1ba-4c31-bc13-cda207f96bf9,e1d99ba5-08bb-4cb6-86b0-9b5aaae3ee28,,971b74b9-34b6-4d68-b86b-6374e2cf764f,remis,2026-03-10 04:42:00+00:00,Honestly I think audience fatigue is doing half the work here.,honestly i think audience fatigue is doing half the work here ,0,0,0,Bristol,Nonprofit,male
demo_shameless_community,Demo Shameless Community,post,7ddce478-0c9e-4986-8b5c-746a2a9dc0e7,7ddce478-0c9e-4986-8b5c-746a2a9dc0e7,,3c46fc4c-22a4-4dca-9078-1eb0d5d529cc,mads,2026-03-10 07:27:00+00:00,Open thread for Messy celeb interviews. This has been rattling around in my head since the latest episode. Keen for the community's article. Curious whether people changed their mind over the last few weeks.,open thread for messy celeb interviews this has been rattling around in my head since the latest episode keen for the community s article curious whether people changed their mind over the last few weeks ,1,2,3,London,Legal,male
demo_shameless_community,Demo Shameless Community,comment,10a980f4-1d6b-4bff-8d96-ea83e77edd39,e1d99ba5-08bb-4cb6-86b0-9b5aaae3ee28,,2e1f8d5b-b4dd-4558-bd68-4d9437ac2893,sabrina_notes,2026-03-10 07:42:00+00:00,"I had not thought about it that way, but that feels right.",i had not thought about it that way but that feels right ,1,0,1,Hobart,Media,female
demo_shameless_community,Demo Shameless Community,comment,f98d84cd-2e0e-4108-8238-3484d3dbf48b,3b4c3d7c-2f0a-425c-9781-42ab7e6a3416,,5ba27d3d-ac03-42e9-931a-893a0bc836f6,nia,2026-03-10 07:42:00+00:00,My unglamorous answer is that PR teams are better at shaping the vibe than the substance.,my unglamorous answer is that pr teams are better at shaping the vibe than the substance ,2,0,2,Bristol,Fashion,female
demo_shameless_community,Demo Shameless Community,comment,21efabfc-5e3a-454e-a9d1-9b75c1037b87,7ddce478-0c9e-4986-8b5c-746a2a9dc0e7,,ec455a41-4c72-4c7d-9ace-89f42929f39e,brookea,2026-03-10 15:27:00+00:00,This would make such a good newsletter round-up topic.,this would make such a good newsletter round up topic ,4,0,4,London,Student,female
demo_shameless_community,Demo Shameless Community,comment,4c02c935-b7cc-47c6-9bcf-fef4274d7175,7ddce478-0c9e-4986-8b5c-746a2a9dc0e7,21efabfc-5e3a-454e-a9d1-9b75c1037b87,e3c96c28-de69-4eb3-ae92-a701f779dfcf,hazel15,2026-03-11 00:27:00+00:00,Small addition: same. It lands differently once you think about who the audience is.,small addition same it lands differently once you think about who the audience is ,0,0,0,Christchurch,Healthcare,non_binary
demo_shameless_community,Demo Shameless Community,comment,0cad3a4c-feab-4d29-aebd-dfc31e68fe83,e1d99ba5-08bb-4cb6-86b0-9b5aaae3ee28,16c25701-6b1e-4cde-9ed7-3e01da68251c,fcf6ae40-6003-422e-83a3-52c02a8d1cd6,nora24,2026-03-11 01:42:00+00:00,Counterpoint: there is also a class angle here that people skip past.,counterpoint there is also a class angle here that people skip past ,2,0,2,Christchurch,Media,non_binary
demo_shameless_community,Demo Shameless Community,post,3be96144-8c14-4574-90c3-7ebfd487d1a6,3be96144-8c14-4574-90c3-7ebfd487d1a6,,971b74b9-34b6-4d68-b86b-6374e2cf764f,remis,2026-03-11 17:22:00+00:00,I keep circling back to microtrend fatigue. I keep hearing versions of the same argument and want something smarter than the timeline. Drop your best Substack. Bonus points if it's more thoughtful than whatever TikTok is doing with it today.,i keep circling back to microtrend fatigue i keep hearing versions of the same argument and want something smarter than the timeline drop your best substack bonus points if it s more thoughtful than whatever tiktok is doing with it today ,0,0,0,Bristol,Nonprofit,male
demo_shameless_community,Demo Shameless Community,post,e9a44914-a3cb-4091-a52e-3bea608a35ae,e9a44914-a3cb-4091-a52e-3bea608a35ae,,30f1be84-2193-47b8-a20e-cf46d2cf6b76,sasha_notes,2026-03-12 13:00:00+00:00,Need the group's view on parasocial friendship. I keep hearing versions of the same argument and want something smarter than the timeline. Drop your take.,need the group s view on parasocial friendship i keep hearing versions of the same argument and want something smarter than the timeline drop your take ,0,1,1,Adelaide,Media,male
demo_shameless_community,Demo Shameless Community,comment,569df6ca-a753-4be2-80f9-bda340fe255b,e9a44914-a3cb-4091-a52e-3bea608a35ae,,26ea0c6b-e2be-4c73-8b4a-ea05405e5aaf,willa55,2026-03-12 16:00:00+00:00,There is also a class angle here that people skip past.,there is also a class angle here that people skip past ,2,0,2,Gold Coast,Student,prefer_not_to_say
demo_shameless_community,Demo Shameless Community,post,6b2fb792-3795-457a-b4cc-28eb1bb6dc24,6b2fb792-3795-457a-b4cc-28eb1bb6dc24,,1fd42c2d-fadb-4794-8d33-f4eefae244ac,cleo,2026-03-13 08:00:00+00:00,Is anyone else fully locked into microtrend fatigue discourse? This has been rattling around in my head since the latest episode. Keen for the community's best Substack.,is anyone else fully locked into microtrend fatigue discourse this has been rattling around in my head since the latest episode keen for the community s best substack ,1,2,3,Auckland,Healthcare,non_binary
demo_shameless_community,Demo Shameless Community,post,e876c999-7fad-44a0-87c5-bfa3ac78ad4b,e876c999-7fad-44a0-87c5-bfa3ac78ad4b,,8c3853ef-e9fd-489e-a00e-c4e6de6388c3,soph,2026-03-13 08:27:00+00:00,Open thread for comfort rewatches. I want the read that makes the whole thing click. Please send your show rec. Curious whether people changed their mind over the last few weeks.,open thread for comfort rewatches i want the read that makes the whole thing click please send your show rec curious whether people changed their mind over the last few weeks ,1,1,2,Bristol,Healthcare,female
demo_shameless_community,Demo Shameless Community,comment,993868f4-7a65-4aab-a739-8a381c1d10c7,e876c999-7fad-44a0-87c5-bfa3ac78ad4b,,15a926f0-a4aa-4929-b777-0de0a0766005,jas27,2026-03-13 18:27:00+00:00,I would love a longer episode on this because the nuance disappears in clips.,i would love a longer episode on this because the nuance disappears in clips ,2,0,2,Adelaide,Advertising,non_binary
demo_shameless_community,Demo Shameless Community,comment,026f5dc0-0411-4c57-adbd-01eb234132c6,6b2fb792-3795-457a-b4cc-28eb1bb6dc24,,0bf84a80-6729-4c12-80af-652ef37f5f0b,beth,2026-03-13 20:00:00+00:00,My unglamorous answer is that PR teams are better at shaping the vibe than the substance.,my unglamorous answer is that pr teams are better at shaping the vibe than the substance ,4,0,4,Christchurch,Technology,female
demo_shameless_community,Demo Shameless Community,comment,fdfaa117-6fd2-4e44-9325-89c6093efbfe,6b2fb792-3795-457a-b4cc-28eb1bb6dc24,,e6716ed7-f5f8-4f76-8b16-786cb55b5c1a,rubyx,2026-03-14 08:00:00+00:00,I think the internet is flattening the most interesting part of it.,i think the internet is flattening the most interesting part of it ,1,0,1,Auckland,Government,female
demo_shameless_community,Demo Shameless Community,post,998d1e4d-1c33-4914-8e90-055bd3cd0d5c,998d1e4d-1c33-4914-8e90-055bd3cd0d5c,,66c36fbf-b638-48b9-82db-f015331857ba,isla_x,2026-03-14 21:15:00+00:00,I keep circling back to reality TV villains. Feels like there is a more interesting angle here than the obvious one. Share your smartest dumb take. Bonus points if it's more thoughtful than whatever TikTok is doing with it today.,i keep circling back to reality tv villains feels like there is a more interesting angle here than the obvious one share your smartest dumb take bonus points if it s more thoughtful than whatever tiktok is doing with it today ,2,2,4,Manchester,Student,female
demo_shameless_community,Demo Shameless Community,comment,05f5002c-1c13-4c82-969d-f765d9d0d89b,998d1e4d-1c33-4914-8e90-055bd3cd0d5c,,64bf7b66-caf8-4812-90d6-79cc29ed42f0,elsie_club,2026-03-15 05:15:00+00:00,"I don't even fully disagree, I just think people overcorrect online.",i don t even fully disagree i just think people overcorrect online ,0,0,0,Canberra,Education,non_binary
demo_shameless_community,Demo Shameless Community,comment,6401398c-77a4-4359-b012-5c317ce600c7,998d1e4d-1c33-4914-8e90-055bd3cd0d5c,05f5002c-1c13-4c82-969d-f765d9d0d89b,06264520-0673-4fc6-9c00-5b829fd744dc,mabel,2026-03-15 06:15:00+00:00,Counterpoint: i think we pretend these conversations are about ethics when half the time they are about taste.,counterpoint i think we pretend these conversations are about ethics when half the time they are about taste ,0,0,0,Brisbane,Education,female
demo_shameless_community,Demo Shameless Community,post,86e188be-c8ac-4809-8637-6528b92f210b,86e188be-c8ac-4809-8637-6528b92f210b,,d166e831-26a9-40e0-a695-15fc5c03cd78,layla_x,2026-03-17 20:39:00+00:00,Who has the best take on microtrend fatigue? I keep hearing versions of the same argument and want something smarter than the timeline. Drop your best Substack.,who has the best take on microtrend fatigue i keep hearing versions of the same argument and want something smarter than the timeline drop your best substack ,2,5,7,Melbourne,Government,non_binary
demo_shameless_community,Demo Shameless Community,comment,38a6b9f4-e22a-41be-ad24-1000b12b9c5a,86e188be-c8ac-4809-8637-6528b92f210b,,4cca996c-dea3-42ff-aa43-0212eb63d16c,islax,2026-03-18 02:39:00+00:00,"This is where access, taste and timing all get muddled together.",this is where access taste and timing all get muddled together ,0,0,0,Gold Coast,Healthcare,female
demo_shameless_community,Demo Shameless Community,comment,d29ad29e-eaaf-4448-a237-85d0762fca80,86e188be-c8ac-4809-8637-6528b92f210b,,af539199-de83-4688-9b2a-e07b09231d2a,delia_daily,2026-03-18 05:39:00+00:00,I keep coming back to who benefits from the framing.,i keep coming back to who benefits from the framing ,2,0,2,Melbourne,Finance,non_binary
demo_shameless_community,Demo Shameless Community,post,1b3e2721-f5d7-434b-a363-69c6a7f2a42c,1b3e2721-f5d7-434b-a363-69c6a7f2a42c,,66c36fbf-b638-48b9-82db-f015331857ba,isla_x,2026-03-18 08:12:00+00:00,I keep circling back to sad girl pop. Feels like there is a more interesting angle here than the obvious one. Share your take.,i keep circling back to sad girl pop feels like there is a more interesting angle here than the obvious one share your take ,1,6,7,Manchester,Student,female
demo_shameless_community,Demo Shameless Community,comment,6a791070-318d-4170-9fe8-bf83900d5c41,86e188be-c8ac-4809-8637-6528b92f210b,,8c3853ef-e9fd-489e-a00e-c4e6de6388c3,soph,2026-03-18 09:39:00+00:00,I think we pretend these conversations are about ethics when half the time they are about taste.,i think we pretend these conversations are about ethics when half the time they are about taste ,1,0,1,Bristol,Healthcare,female
demo_shameless_community,Demo Shameless Community,post,fb7cb5bd-14fc-424c-8ada-76a7688727a6,fb7cb5bd-14fc-424c-8ada-76a7688727a6,,17bb260a-3064-4c39-937e-f3e36ac5549e,josie75,2026-03-18 10:51:00+00:00,Need the group's view on nepo-baby discourse. This has been rattling around in my head since the latest episode. Keen for the community's most nuanced take. Bonus points if it's more thoughtful than whatever TikTok is doing with it today.,need the group s view on nepo baby discourse this has been rattling around in my head since the latest episode keen for the community s most nuanced take bonus points if it s more thoughtful than whatever tiktok is doing with it today ,3,2,5,Gold Coast,Healthcare,female
demo_shameless_community,Demo Shameless Community,post,304860d8-3207-4a61-be9c-371fa3086a31,304860d8-3207-4a61-be9c-371fa3086a31,,0bf84a80-6729-4c12-80af-652ef37f5f0b,beth,2026-03-18 12:39:00+00:00,What are we all thinking about book-to-screen adaptations right now? Trying to separate what is actually interesting from what is just loud online. Would love your must-read.,what are we all thinking about book to screen adaptations right now trying to separate what is actually interesting from what is just loud online would love your must read ,2,4,6,Christchurch,Technology,female
demo_shameless_community,Demo Shameless Community,comment,b58101a7-58e2-4b63-acd1-01085602757b,304860d8-3207-4a61-be9c-371fa3086a31,,1fd42c2d-fadb-4794-8d33-f4eefae244ac,cleo,2026-03-18 16:39:00+00:00,This is why I miss slower media cycles.,this is why i miss slower media cycles ,1,0,1,Auckland,Healthcare,non_binary
demo_shameless_community,Demo Shameless Community,comment,9101e472-9591-48ba-a111-950c048c88dc,fb7cb5bd-14fc-424c-8ada-76a7688727a6,,b9c72815-43ef-4b19-bccc-3fef787c4ac1,alixs,2026-03-18 22:51:00+00:00,I would love a longer episode on this because the nuance disappears in clips.,i would love a longer episode on this because the nuance disappears in clips ,2,0,2,Brisbane,Hospitality,female
demo_shameless_community,Demo Shameless Community,comment,7d3cb037-3d45-423a-b639-b02201a5538c,1b3e2721-f5d7-434b-a363-69c6a7f2a42c,,317197bc-cb0c-419a-9ee3-47442a2a4d44,job,2026-03-18 23:12:00+00:00,There is also a class angle here that people skip past.,there is also a class angle here that people skip past ,0,0,0,Wellington,Student,female
demo_shameless_community,Demo Shameless Community,comment,f614f715-80fd-479d-9db6-eafe24b1c9a7,fb7cb5bd-14fc-424c-8ada-76a7688727a6,,30e3dc10-27da-46ca-a33a-72d218fee6ec,pearl16,2026-03-19 01:51:00+00:00,"I had not thought about it that way, but that feels right.",i had not thought about it that way but that feels right ,0,0,0,Christchurch,Publishing,female
demo_shameless_community,Demo Shameless Community,comment,60b34ffc-eefa-49af-86c3-cda710e21db9,86e188be-c8ac-4809-8637-6528b92f210b,d29ad29e-eaaf-4448-a237-85d0762fca80,19f2ec2b-a1e3-4519-84fa-d81188027b81,nell_xo,2026-03-19 03:39:00+00:00,Small addition: for me it comes down to whether the person seems self-aware or just strategic.,small addition for me it comes down to whether the person seems self aware or just strategic ,0,0,0,Sydney,Healthcare,male
demo_shameless_community,Demo Shameless Community,comment,04f545a4-2fc5-4920-b60b-4c04470c3d1d,1b3e2721-f5d7-434b-a363-69c6a7f2a42c,,9c5ff107-b6e3-49b9-a880-14a8d4a6055a,coco_daily,2026-03-19 05:12:00+00:00,The most revealing part is always what gets framed as relatable.,the most revealing part is always what gets framed as relatable ,4,0,4,Wellington,Healthcare,prefer_not_to_say
demo_shameless_community,Demo Shameless Community,comment,6f00cdb0-e9e5-4d28-88a3-0da450172610,86e188be-c8ac-4809-8637-6528b92f210b,,66c36fbf-b638-48b9-82db-f015331857ba,isla_x,2026-03-19 07:39:00+00:00,"This is where access, taste and timing all get muddled together.",this is where access taste and timing all get muddled together ,1,0,1,Manchester,Student,female
demo_shameless_community,Demo Shameless Community,comment,4d6e9d65-acb7-4134-bddf-45a21a6d1e19,304860d8-3207-4a61-be9c-371fa3086a31,,cdec4c8a-245c-45c0-b460-1088a8215823,freya,2026-03-19 10:39:00+00:00,"I don't have a full thesis, but my gut says we're rewarding familiarity.",i don t have a full thesis but my gut says we re rewarding familiarity ,0,0,0,Brisbane,Technology,female
demo_shameless_community,Demo Shameless Community,comment,9afc5f46-442e-4327-a272-19574d6031bc,304860d8-3207-4a61-be9c-371fa3086a31,,f97fc0e9-dace-4428-8859-ad8ebd2532fd,tara,2026-03-19 11:39:00+00:00,"This is where access, taste and timing all get muddled together.",this is where access taste and timing all get muddled together ,1,0,1,Newcastle,Hospitality,female
demo_shameless_community,Demo Shameless Community,comment,3bc7106f-4ac8-481b-a7cb-9d473bc916a0,304860d8-3207-4a61-be9c-371fa3086a31,,7536b309-735c-4261-a2fd-521e379a5ca4,annieb,2026-03-19 14:39:00+00:00,For me it comes down to whether the person seems self-aware or just strategic.,for me it comes down to whether the person seems self aware or just strategic ,0,0,0,Perth,Marketing,female
demo_shameless_community,Demo Shameless Community,comment,182fe509-c767-4766-856c-815132be03e9,1b3e2721-f5d7-434b-a363-69c6a7f2a42c,,7536b309-735c-4261-a2fd-521e379a5ca4,annieb,2026-03-19 17:12:00+00:00,I think the internet is flattening the most interesting part of it.,i think the internet is flattening the most interesting part of it ,1,0,1,Perth,Marketing,female
demo_shameless_community,Demo Shameless Community,post,0aa50379-aa7c-4811-b0a1-db0c529a099f,0aa50379-aa7c-4811-b0a1-db0c529a099f,,fcf6ae40-6003-422e-83a3-52c02a8d1cd6,nora24,2026-03-19 20:18:00+00:00,Open thread for sad girl pop. I keep hearing versions of the same argument and want something smarter than the timeline. Drop your take.,open thread for sad girl pop i keep hearing versions of the same argument and want something smarter than the timeline drop your take ,1,2,3,Christchurch,Media,non_binary
demo_shameless_community,Demo Shameless Community,comment,5afeb505-5e31-4dd7-ad4b-e52cca31c595,1b3e2721-f5d7-434b-a363-69c6a7f2a42c,,5ba27d3d-ac03-42e9-931a-893a0bc836f6,nia,2026-03-19 21:12:00+00:00,"This is where access, taste and timing all get muddled together.",this is where access taste and timing all get muddled together ,0,0,0,Bristol,Fashion,female
demo_shameless_community,Demo Shameless Community,comment,232a587d-0a5f-4435-91d5-f957efa09918,1b3e2721-f5d7-434b-a363-69c6a7f2a42c,,7b71142d-776d-422c-9dd8-e8a1db4563e1,layla,2026-03-20 00:12:00+00:00,My unglamorous answer is that PR teams are better at shaping the vibe than the substance.,my unglamorous answer is that pr teams are better at shaping the vibe than the substance ,0,0,0,Wellington,Marketing,female
demo_shameless_community,Demo Shameless Community,comment,41d45b05-eb81-40e5-8bcd-df84cc46f22c,1b3e2721-f5d7-434b-a363-69c6a7f2a42c,,b3cbce25-bcfc-4039-8e81-460817f8514c,poppy_club,2026-03-20 01:12:00+00:00,For me it comes down to whether the person seems self-aware or just strategic.,for me it comes down to whether the person seems self aware or just strategic ,0,0,0,London,Government,female
demo_shameless_community,Demo Shameless Community,comment,e33a4dd4-6bc5-4247-8ab3-7d1b2965ab46,0aa50379-aa7c-4811-b0a1-db0c529a099f,,1fd42c2d-fadb-4794-8d33-f4eefae244ac,cleo,2026-03-20 02:18:00+00:00,This would make such a good newsletter round-up topic.,this would make such a good newsletter round up topic ,0,0,0,Auckland,Healthcare,non_binary
demo_shameless_community,Demo Shameless Community,comment,ab2b1f8f-d66d-4bd4-8d8a-888521537dec,0aa50379-aa7c-4811-b0a1-db0c529a099f,e33a4dd4-6bc5-4247-8ab3-7d1b2965ab46,c46eb7b5-1cd6-4b09-97c3-0cb70933c953,fern,2026-03-20 11:18:00+00:00,Counterpoint: for me it comes down to whether the person seems self-aware or just strategic.,counterpoint for me it comes down to whether the person seems self aware or just strategic ,1,0,1,Manchester,Consulting,female
demo_shameless_community,Demo Shameless Community,post,3c4bab93-8dd7-4f9f-b155-2ac60d2ba966,3c4bab93-8dd7-4f9f-b155-2ac60d2ba966,,797680b7-038f-4535-9c3b-4af72d637bc4,alixclub,2026-03-24 18:12:00+00:00,Is anyone else fully locked into nepo-baby discourse discourse? This has been rattling around in my head since the latest episode. Keen for the community's most nuanced take.,is anyone else fully locked into nepo baby discourse discourse this has been rattling around in my head since the latest episode keen for the community s most nuanced take ,0,2,2,Melbourne,Education,female
demo_shameless_community,Demo Shameless Community,comment,44d34c4f-127f-406b-84aa-1a7a1ef5c983,3c4bab93-8dd7-4f9f-b155-2ac60d2ba966,,7b71142d-776d-422c-9dd8-e8a1db4563e1,layla,2026-03-25 06:12:00+00:00,I keep coming back to who benefits from the framing.,i keep coming back to who benefits from the framing ,2,0,2,Wellington,Marketing,female
demo_shameless_community,Demo Shameless Community,comment,328b3344-77c2-4327-bb0f-fe42b891e60f,3c4bab93-8dd7-4f9f-b155-2ac60d2ba966,,3c328caf-a188-4e5b-ba10-45f70f18c6b8,hazel_s,2026-03-25 08:12:00+00:00,This would make such a good newsletter round-up topic.,this would make such a good newsletter round up topic ,1,0,1,Hobart,Education,prefer_not_to_say
demo_shameless_community,Demo Shameless Community,post,59a7b8cf-33d1-4d84-855f-e02b9045476f,59a7b8cf-33d1-4d84-855f-e02b9045476f,,36440350-a43e-4388-b514-a9a691954bc9,mae,2026-03-25 10:51:00+00:00,Need the group's view on movie press tours. Trying to separate what is actually interesting from what is just loud online. Would love your thought.,need the group s view on movie press tours trying to separate what is actually interesting from what is just loud online would love your thought ,4,4,8,Auckland,Healthcare,non_binary
demo_shameless_community,Demo Shameless Community,comment,b6aa7f23-06df-4b32-834d-8add1b5fb3e5,59a7b8cf-33d1-4d84-855f-e02b9045476f,,51efd9cc-9dd5-4483-b6de-ee8e728b82e9,paige69,2026-03-25 13:51:00+00:00,"I don't even fully disagree, I just think people overcorrect online.",i don t even fully disagree i just think people overcorrect online ,2,0,2,Brisbane,Healthcare,female
demo_shameless_community,Demo Shameless Community,comment,6b389674-60cf-4cc0-9cbb-e6890a7d7cda,59a7b8cf-33d1-4d84-855f-e02b9045476f,,6a7e4ed2-ba2b-4bf7-96ac-d65968586436,lucy,2026-03-25 15:51:00+00:00,For me it comes down to whether the person seems self-aware or just strategic.,for me it comes down to whether the person seems self aware or just strategic ,2,0,2,Canberra,Retail,female
demo_shameless_community,Demo Shameless Community,comment,a53bf20b-b83e-44e3-bc26-6fa37417a910,59a7b8cf-33d1-4d84-855f-e02b9045476f,b6aa7f23-06df-4b32-834d-8add1b5fb3e5,b09208d7-39f5-4e12-b9b2-f069b81a344f,elsie,2026-03-25 18:51:00+00:00,"Totally, but i keep coming back to who benefits from the framing.",totally but i keep coming back to who benefits from the framing ,0,0,0,Melbourne,Marketing,male
demo_shameless_community,Demo Shameless Community,post,e3bf71cc-483e-40f3-b68a-8f201affeeb0,e3bf71cc-483e-40f3-b68a-8f201affeeb0,,fcf6ae40-6003-422e-83a3-52c02a8d1cd6,nora24,2026-03-25 20:00:00+00:00,I keep circling back to book-to-screen adaptations. I want the read that makes the whole thing click. Please send your must-read.,i keep circling back to book to screen adaptations i want the read that makes the whole thing click please send your must read ,0,0,0,Christchurch,Media,non_binary
demo_shameless_community,Demo Shameless Community,comment,564cf5d6-f65c-4125-88e8-0551b06712d0,59a7b8cf-33d1-4d84-855f-e02b9045476f,,bd7c68e4-dbd3-42dd-a87e-932ce8096d75,nell35,2026-03-26 03:51:00+00:00,"There is a good point buried in the mess, but people are reacting to the performance of it all.",there is a good point buried in the mess but people are reacting to the performance of it all ,0,0,0,Gold Coast,Technology,prefer_not_to_say
demo_shameless_community,Demo Shameless Community,post,df44d941-4ec3-4b8a-9105-4128a81bcb90,df44d941-4ec3-4b8a-9105-4128a81bcb90,,17bb260a-3064-4c39-937e-f3e36ac5549e,josie75,2026-03-26 08:22:00+00:00,Open thread for movie press tours. I keep hearing versions of the same argument and want something smarter than the timeline. Drop your thought.,open thread for movie press tours i keep hearing versions of the same argument and want something smarter than the timeline drop your thought ,0,5,5,Gold Coast,Healthcare,female
demo_shameless_community,Demo Shameless Community,post,35c86f01-08a4-4c94-828d-b3b0cc31b033,35c86f01-08a4-4c94-828d-b3b0cc31b033,,d166e831-26a9-40e0-a695-15fc5c03cd78,layla_x,2026-03-26 17:47:00+00:00,Need the group's view on cancelled tours. I want the read that makes the whole thing click. Please send your best explainer. Bonus points if it's more thoughtful than whatever TikTok is doing with it today.,need the group s view on cancelled tours i want the read that makes the whole thing click please send your best explainer bonus points if it s more thoughtful than whatever tiktok is doing with it today ,1,3,4,Melbourne,Government,non_binary
demo_shameless_community,Demo Shameless Community,comment,99f14fd2-cf22-4fa4-acc4-8b2e5e162cab,df44d941-4ec3-4b8a-9105-4128a81bcb90,,c270ec6c-6810-4ef0-9cf1-5fdd69736fac,frankie_x,2026-03-26 20:22:00+00:00,This is exactly the kind of topic that sounds bigger online than it is offline.,this is exactly the kind of topic that sounds bigger online than it is offline ,1,0,1,Sydney,Retail,male
demo_shameless_community,Demo Shameless Community,comment,a5fdf6a2-65f5-47f6-8ee4-f6706e4ad399,df44d941-4ec3-4b8a-9105-4128a81bcb90,,51efd9cc-9dd5-4483-b6de-ee8e728b82e9,paige69,2026-03-26 21:22:00+00:00,"I don't even fully disagree, I just think people overcorrect online.",i don t even fully disagree i just think people overcorrect online ,1,0,1,Brisbane,Healthcare,female
demo_shameless_community,Demo Shameless Community,comment,407c40e7-170c-4102-91af-aae98f5af0a3,df44d941-4ec3-4b8a-9105-4128a81bcb90,99f14fd2-cf22-4fa4-acc4-8b2e5e162cab,36440350-a43e-4388-b514-a9a691954bc9,mae,2026-03-26 22:22:00+00:00,Counterpoint: for me it comes down to whether the person seems self-aware or just strategic.,counterpoint for me it comes down to whether the person seems self aware or just strategic ,2,0,2,Auckland,Healthcare,non_binary
demo_shameless_community,Demo Shameless Community,comment,517c67a9-87bc-445f-94e1-d9a10302cd95,35c86f01-08a4-4c94-828d-b3b0cc31b033,,30e3dc10-27da-46ca-a33a-72d218fee6ec,pearl16,2026-03-26 23:47:00+00:00,The most revealing part is always what gets framed as relatable.,the most revealing part is always what gets framed as relatable ,0,0,0,Christchurch,Publishing,female
demo_shameless_community,Demo Shameless Community,comment,1a6ebc66-882a-4b14-85e7-855f117ac027,35c86f01-08a4-4c94-828d-b3b0cc31b033,517c67a9-87bc-445f-94e1-d9a10302cd95,f97fc0e9-dace-4428-8859-ad8ebd2532fd,tara,2026-03-27 08:47:00+00:00,Counterpoint: for me it comes down to whether the person seems self-aware or just strategic.,counterpoint for me it comes down to whether the person seems self aware or just strategic ,1,0,1,Newcastle,Hospitality,female
demo_shameless_community,Demo Shameless Community,post,e1edcf7b-0b8b-40b8-b643-d60f9af9051e,e1edcf7b-0b8b-40b8-b643-d60f9af9051e,,92a2012e-738d-4a74-becf-07dd07ab44f7,lila,2026-03-27 09:27:00+00:00,Open thread for PR relationships. I want the read that makes the whole thing click. Please send your spiciest theory.,open thread for pr relationships i want the read that makes the whole thing click please send your spiciest theory ,4,3,7,Wellington,Advertising,female
demo_shameless_community,Demo Shameless Community,comment,4a3f7b75-548f-487d-af4f-81417635f800,df44d941-4ec3-4b8a-9105-4128a81bcb90,,d166e831-26a9-40e0-a695-15fc5c03cd78,layla_x,2026-03-27 10:22:00+00:00,There is also a class angle here that people skip past.,there is also a class angle here that people skip past ,1,0,1,Melbourne,Government,non_binary
demo_shameless_community,Demo Shameless Community,comment,9a52d61a-4511-478b-b3ae-0ee9cc1de2b1,df44d941-4ec3-4b8a-9105-4128a81bcb90,4a3f7b75-548f-487d-af4f-81417635f800,d3f621e6-367a-4f80-8697-80ba92f7badd,amber,2026-03-27 12:22:00+00:00,"I think the tricky part is i don't have a full thesis, but my gut says we're rewarding familiarity.",i think the tricky part is i don t have a full thesis but my gut says we re rewarding familiarity ,1,0,1,Singapore,Media,female
demo_shameless_community,Demo Shameless Community,comment,d99b7382-8d43-493d-9ec6-116b95ed99b4,e1edcf7b-0b8b-40b8-b643-d60f9af9051e,,adcc0798-5cf1-4160-b39f-6d8b5e65f5b1,yasmin,2026-03-27 15:27:00+00:00,There is also a class angle here that people skip past.,there is also a class angle here that people skip past ,1,0,1,Singapore,Government,female
demo_shameless_community,Demo Shameless Community,post,8d87c598-47d2-4a52-aa92-a325b7f3eea7,8d87c598-47d2-4a52-aa92-a325b7f3eea7,,1fd42c2d-fadb-4794-8d33-f4eefae244ac,cleo,2026-03-27 18:05:00+00:00,I keep circling back to book-to-screen adaptations. Trying to separate what is actually interesting from what is just loud online. Would love your must-read.,i keep circling back to book to screen adaptations trying to separate what is actually interesting from what is just loud online would love your must read ,1,3,4,Auckland,Healthcare,non_binary
demo_shameless_community,Demo Shameless Community,comment,15006d91-ccde-4449-b498-fd46b728657e,e1edcf7b-0b8b-40b8-b643-d60f9af9051e,,577ed759-7e42-4251-a832-b7d1acb65208,heidi_notes,2026-03-27 19:27:00+00:00,"I had not thought about it that way, but that feels right.",i had not thought about it that way but that feels right ,0,0,0,London,Marketing,male
demo_shameless_community,Demo Shameless Community,comment,04606940-7f3b-4fbd-a4fc-1255fca29da3,e1edcf7b-0b8b-40b8-b643-d60f9af9051e,,c46eb7b5-1cd6-4b09-97c3-0cb70933c953,fern,2026-03-27 20:27:00+00:00,This would make such a good newsletter round-up topic.,this would make such a good newsletter round up topic ,2,0,2,Manchester,Consulting,female
demo_shameless_community,Demo Shameless Community,comment,4aef1c0a-01d9-4428-ba46-637c79100646,8d87c598-47d2-4a52-aa92-a325b7f3eea7,,8c3853ef-e9fd-489e-a00e-c4e6de6388c3,soph,2026-03-28 00:05:00+00:00,I keep coming back to who benefits from the framing.,i keep coming back to who benefits from the framing ,0,0,0,Bristol,Healthcare,female
demo_shameless_community,Demo Shameless Community,comment,bd02980b-6bd6-47a1-82e2-c2482cdb4751,35c86f01-08a4-4c94-828d-b3b0cc31b033,,fa3fabd0-38ca-4d43-a274-3deee2633ae3,casshq,2026-03-28 02:47:00+00:00,I think we pretend these conversations are about ethics when half the time they are about taste.,i think we pretend these conversations are about ethics when half the time they are about taste ,0,0,0,Adelaide,Publishing,female
demo_shameless_community,Demo Shameless Community,comment,9e2e6089-c740-46d3-8159-23f5a562f8c6,8d87c598-47d2-4a52-aa92-a325b7f3eea7,,c46eb7b5-1cd6-4b09-97c3-0cb70933c953,fern,2026-03-28 06:05:00+00:00,This would make such a good newsletter round-up topic.,this would make such a good newsletter round up topic ,1,0,1,Manchester,Consulting,female
demo_shameless_community,Demo Shameless Community,post,bea8475f-3c8f-4dc7-9b13-914f7a378d0c,bea8475f-3c8f-4dc7-9b13-914f7a378d0c,,1fd42c2d-fadb-4794-8d33-f4eefae244ac,cleo,2026-03-28 17:42:00+00:00,I keep circling back to parasocial friendship. I need the intelligent-but-not-too-serious version of this conversation. Hit me with your take. Bonus points if it's more thoughtful than whatever TikTok is doing with it today.,i keep circling back to parasocial friendship i need the intelligent but not too serious version of this conversation hit me with your take bonus points if it s more thoughtful than whatever tiktok is doing with it today ,1,0,1,Auckland,Healthcare,non_binary
demo_shameless_community,Demo Shameless Community,comment,074c835f-cc55-4dbf-84e1-6f9624d420c6,8d87c598-47d2-4a52-aa92-a325b7f3eea7,,6d82a1a1-c18b-412f-81c9-3d0dd60a712e,josie,2026-03-28 18:05:00+00:00,I think the internet is flattening the most interesting part of it.,i think the internet is flattening the most interesting part of it ,0,0,0,Brisbane,Healthcare,female
demo_shameless_community,Demo Shameless Community,post,d8f0e5bc-f4aa-4fc1-a233-1044c7ddbb91,d8f0e5bc-f4aa-4fc1-a233-1044c7ddbb91,,3c46fc4c-22a4-4dca-9078-1eb0d5d529cc,mads,2026-03-29 10:00:00+00:00,Who is handling the latest nepo-baby discourse best? This week episode made me rethink who actually gets a fair shot in the nepo-baby conversation. Keen for your most nuanced takes.,who is handling the latest nepo baby discourse best this week episode made me rethink who actually gets a fair shot in the nepo baby conversation keen for your most nuanced takes ,2,3,5,London,Legal,male
demo_shameless_community,Demo Shameless Community,post,0707d0e2-88b0-4ed4-aae2-7f0352dbc1c1,0707d0e2-88b0-4ed4-aae2-7f0352dbc1c1,,92a2012e-738d-4a74-becf-07dd07ab44f7,lila,2026-03-30 09:00:00+00:00,"Best long-read on the celebrity memoir boom? I am building a little reading list after Monday Analysis. Drop the best profiles, essays or podcasts on memoir culture.",best long read on the celebrity memoir boom i am building a little reading list after monday analysis drop the best profiles essays or podcasts on memoir culture ,0,2,2,Wellington,Advertising,female
demo_shameless_community,Demo Shameless Community,comment,2cdcb909-eeb9-4a51-a790-913d65e61d0a,d8f0e5bc-f4aa-4fc1-a233-1044c7ddbb91,,92a2012e-738d-4a74-becf-07dd07ab44f7,lila,2026-03-30 11:00:00+00:00,Love this framing. I think the issue is people confuse access with talent.,love this framing i think the issue is people confuse access with talent ,2,0,2,Wellington,Advertising,female
demo_shameless_community,Demo Shameless Community,comment,9fb6c6a0-b000-4088-ba0e-50a3676d2292,d8f0e5bc-f4aa-4fc1-a233-1044c7ddbb91,,92a2012e-738d-4a74-becf-07dd07ab44f7,lila,2026-03-30 12:00:00+00:00,Yes! And the internet only seems to tolerate nuance when the person is already liked.,yes and the internet only seems to tolerate nuance when the person is already liked ,1,0,1,Wellington,Advertising,female
demo_shameless_community,Demo Shameless Community,comment,1d2f1bd4-f39d-435c-921e-698bd2e79b7a,d8f0e5bc-f4aa-4fc1-a233-1044c7ddbb91,2cdcb909-eeb9-4a51-a790-913d65e61d0a,92a2012e-738d-4a74-becf-07dd07ab44f7,lila,2026-03-30 13:00:00+00:00,Replying because this is exactly why the conversation gets flattened.,replying because this is exactly why the conversation gets flattened ,1,0,1,Wellington,Advertising,female
demo_shameless_community,Demo Shameless Community,post,9c124498-340f-47a4-8771-8d0d3b8cf908,9c124498-340f-47a4-8771-8d0d3b8cf908,,8c3853ef-e9fd-489e-a00e-c4e6de6388c3,soph,2026-03-31 08:00:00+00:00,April recs: what's your smartest dumb watch? I need a post-work watch that scratches the pop-culture itch without frying my brain. Give me your smartest dumb stuff.,april recs what s your smartest dumb watch i need a post work watch that scratches the pop culture itch without frying my brain give me your smartest dumb stuff ,0,2,2,Bristol,Healthcare,female
demo_shameless_community,Demo Shameless Community,post,b107e74e-9d68-42fc-9948-7e31dc7df346,b107e74e-9d68-42fc-9948-7e31dc7df346,,e6716ed7-f5f8-4f76-8b16-786cb55b5c1a,rubyx,2026-03-31 09:42:00+00:00,Can someone explain why internet overexposure keeps coming back? Trying to separate what is actually interesting from what is just loud online. Would love your smartest read.,can someone explain why internet overexposure keeps coming back trying to separate what is actually interesting from what is just loud online would love your smartest read ,5,0,5,Auckland,Government,female
demo_shameless_community,Demo Shameless Community,comment,14a1abd7-a971-4ee0-8361-c91c3e3bf4ff,0707d0e2-88b0-4ed4-aae2-7f0352dbc1c1,,f97fc0e9-dace-4428-8859-ad8ebd2532fd,tara,2026-03-31 11:00:00+00:00,The Jia Tolentino essays are still my go-to for this topic.,the jia tolentino essays are still my go to for this topic ,2,0,2,Newcastle,Hospitality,female
demo_shameless_community,Demo Shameless Community,comment,9b191ca2-63da-4f45-bff6-12a7339e4239,0707d0e2-88b0-4ed4-aae2-7f0352dbc1c1,,f97fc0e9-dace-4428-8859-ad8ebd2532fd,tara,2026-03-31 12:00:00+00:00,There was also a great Guardian profile last year that unpacked the business side.,there was also a great guardian profile last year that unpacked the business side ,0,0,0,Newcastle,Hospitality,female
demo_shameless_community,Demo Shameless Community,post,45917656-6d24-4051-b55f-c6590833f526,45917656-6d24-4051-b55f-c6590833f526,,0bf84a80-6729-4c12-80af-652ef37f5f0b,beth,2026-03-31 19:51:00+00:00,Can someone explain why reality TV villains keeps coming back? Feels like there is a more interesting angle here than the obvious one. Share your smartest dumb take. Bonus points if it's more thoughtful than whatever TikTok is doing with it today.,can someone explain why reality tv villains keeps coming back feels like there is a more interesting angle here than the obvious one share your smartest dumb take bonus points if it s more thoughtful than whatever tiktok is doing with it today ,5,3,8,Christchurch,Technology,female
demo_shameless_community,Demo Shameless Community,comment,d4108fd2-7bd6-440d-b4b2-144a322fa976,45917656-6d24-4051-b55f-c6590833f526,,1c685bd4-a8dc-48db-aeca-bab50ba7438f,esme95,2026-04-01 00:51:00+00:00,Same. It lands differently once you think about who the audience is.,same it lands differently once you think about who the audience is ,0,0,0,Auckland,Education,female
demo_shameless_community,Demo Shameless Community,comment,1df8608f-01fe-4de1-8299-5e84b0915203,45917656-6d24-4051-b55f-c6590833f526,,15a926f0-a4aa-4929-b777-0de0a0766005,jas27,2026-04-01 02:51:00+00:00,My take is less dramatic: people just want a neat story arc.,my take is less dramatic people just want a neat story arc ,0,0,0,Adelaide,Advertising,non_binary
demo_shameless_community,Demo Shameless Community,comment,b5ead075-8d8c-43ff-ba1f-da0c3f3c72f1,45917656-6d24-4051-b55f-c6590833f526,1df8608f-01fe-4de1-8299-5e84b0915203,37ff55fb-7f56-490d-a711-e1f8998e18a4,islaclub,2026-04-01 05:51:00+00:00,Small addition: this is exactly the kind of topic that sounds bigger online than it is offline.,small addition this is exactly the kind of topic that sounds bigger online than it is offline ,1,0,1,Manchester,Marketing,female
demo_shameless_community,Demo Shameless Community,post,41fcff45-6368-499e-acd4-2bc044a3e18c,41fcff45-6368-499e-acd4-2bc044a3e18c,,3c46fc4c-22a4-4dca-9078-1eb0d5d529cc,mads,2026-04-01 07:00:00+00:00,Would you go to a Shameless live-listen in Melbourne? Thinking about a low-key live-listen + drinks in Melbourne next month. Would you come if it was after work?,would you go to a shameless live listen in melbourne thinking about a low key live listen drinks in melbourne next month would you come if it was after work ,0,3,3,London,Legal,male
demo_shameless_community,Demo Shameless Community,post,e85aa71f-0e17-4881-9eaf-840b3432d863,e85aa71f-0e17-4881-9eaf-840b3432d863,,ee6ea00c-f6d0-4db3-930a-3ceb13e0b9cb,heidi33,2026-04-01 07:47:00+00:00,I keep circling back to sad girl pop. I keep hearing versions of the same argument and want something smarter than the timeline. Drop your take. Curious whether people changed their mind over the last few weeks.,i keep circling back to sad girl pop i keep hearing versions of the same argument and want something smarter than the timeline drop your take curious whether people changed their mind over the last few weeks ,1,1,2,Manchester,Marketing,non_binary
demo_shameless_community,Demo Shameless Community,comment,9e169800-3643-4056-ba4f-06dbdab4ae82,9c124498-340f-47a4-8771-8d0d3b8cf908,,5ba27d3d-ac03-42e9-931a-893a0bc836f6,nia,2026-04-01 11:00:00+00:00,"Mine is Hacks. Smart, sharp, and zero emotional admin required.",mine is hacks smart sharp and zero emotional admin required ,3,0,3,Bristol,Fashion,female
demo_shameless_community,Demo Shameless Community,comment,fd600315-da88-44d3-8f62-b5088cec67cd,9c124498-340f-47a4-8771-8d0d3b8cf908,,f97fc0e9-dace-4428-8859-ad8ebd2532fd,tara,2026-04-01 12:00:00+00:00,The white lotus is my toxic comfort pick.,the white lotus is my toxic comfort pick ,1,0,1,Newcastle,Hospitality,female
demo_shameless_community,Demo Shameless Community,post,5dc3030f-337e-45d1-886f-5ccb2a75d31b,5dc3030f-337e-45d1-886f-5ccb2a75d31b,,bd7c68e4-dbd3-42dd-a87e-932ce8096d75,nell35,2026-04-01 12:05:00+00:00,Can someone explain why movie press tours keeps coming back? Trying to separate what is actually interesting from what is just loud online. Would love your thought.,can someone explain why movie press tours keeps coming back trying to separate what is actually interesting from what is just loud online would love your thought ,2,3,5,Gold Coast,Technology,prefer_not_to_say
demo_shameless_community,Demo Shameless Community,comment,51a6d467-bbe7-44df-8b77-f10730868a64,e85aa71f-0e17-4881-9eaf-840b3432d863,,274354bb-3aa8-4c84-9b6f-38f0fe9b6743,lexidaily,2026-04-01 13:47:00+00:00,"Yes, and the tone matters almost more than the facts.",yes and the tone matters almost more than the facts ,4,0,4,Canberra,Healthcare,female
demo_shameless_community,Demo Shameless Community,comment,9655c7cb-6c81-4e03-8362-5a4c70696b14,5dc3030f-337e-45d1-886f-5ccb2a75d31b,,92a2012e-738d-4a74-becf-07dd07ab44f7,lila,2026-04-01 22:05:00+00:00,The most revealing part is always what gets framed as relatable.,the most revealing part is always what gets framed as relatable ,2,0,2,Wellington,Advertising,female
demo_shameless_community,Demo Shameless Community,post,6a7d33d9-89e4-4e49-918e-2a38a261753b,6a7d33d9-89e4-4e49-918e-2a38a261753b,,92a2012e-738d-4a74-becf-07dd07ab44f7,lila,2026-04-02 06:00:00+00:00,I have a hot take on redemption arcs Maybe we are too eager to hand public figures a redemption arc the second they cry on a podcast. Convince me otherwise.,i have a hot take on redemption arcs maybe we are too eager to hand public figures a redemption arc the second they cry on a podcast convince me otherwise ,2,2,4,Wellington,Advertising,female
demo_shameless_community,Demo Shameless Community,comment,9a2ea24b-cf4c-4460-8992-9ade696fe87b,41fcff45-6368-499e-acd4-2bc044a3e18c,,1fd42c2d-fadb-4794-8d33-f4eefae244ac,cleo,2026-04-02 11:00:00+00:00,If it starts after 6:30pm I??▌ 100% in.,if it starts after 6 30pm i 100 in ,2,0,2,Auckland,Healthcare,non_binary
demo_shameless_community,Demo Shameless Community,comment,503fa6d2-2703-4db7-a5c8-8616dc923d2f,41fcff45-6368-499e-acd4-2bc044a3e18c,,f97fc0e9-dace-4428-8859-ad8ebd2532fd,tara,2026-04-02 12:00:00+00:00,"Would absolutely come, especially if there??┬ a quick group intro so it??┬ not awkward.",would absolutely come especially if there a quick group intro so it not awkward ,1,0,1,Newcastle,Hospitality,female
demo_shameless_community,Demo Shameless Community,comment,c096041d-2b3d-48b9-b2db-3b7885bd721d,41fcff45-6368-499e-acd4-2bc044a3e18c,503fa6d2-2703-4db7-a5c8-8616dc923d2f,f97fc0e9-dace-4428-8859-ad8ebd2532fd,tara,2026-04-02 13:00:00+00:00,Replying to this because same ??a tiny bit of structure helps.,replying to this because same a tiny bit of structure helps ,0,0,0,Newcastle,Hospitality,female
demo_shameless_community,Demo Shameless Community,comment,5f70e20d-25fe-496f-a079-d8169a7f8d65,5dc3030f-337e-45d1-886f-5ccb2a75d31b,,46cf5f34-9e5c-49c2-a6dd-afae777aa143,harper_s,2026-04-02 16:05:00+00:00,"I had not thought about it that way, but that feels right.",i had not thought about it that way but that feels right ,1,0,1,Melbourne,Publishing,male
demo_shameless_community,Demo Shameless Community,comment,4753c17c-61d5-4803-997f-40f63b434e75,5dc3030f-337e-45d1-886f-5ccb2a75d31b,,7716d5c5-f68c-4d02-b068-a9e35a9545c4,sasha_zz,2026-04-02 20:05:00+00:00,My take is less dramatic: people just want a neat story arc.,my take is less dramatic people just want a neat story arc ,2,0,2,Adelaide,Advertising,female
demo_shameless_community,Demo Shameless Community,post,a787633a-2847-46a6-8524-6f47033f0b07,a787633a-2847-46a6-8524-6f47033f0b07,,5ba27d3d-ac03-42e9-931a-893a0bc836f6,nia,2026-04-03 05:00:00+00:00,"Episode thread: the fame fatigue chat This comment section is for the new episode only: biggest takeaway, best quote, and any follow-up reading.",episode thread the fame fatigue chat this comment section is for the new episode only biggest takeaway best quote and any follow up reading ,1,3,4,Bristol,Fashion,female
demo_shameless_community,Demo Shameless Community,comment,ec50facc-a036-45d8-b44b-adf9c71dde47,6a7d33d9-89e4-4e49-918e-2a38a261753b,,1fd42c2d-fadb-4794-8d33-f4eefae244ac,cleo,2026-04-03 11:00:00+00:00,Hard agree. Tears do not equal accountability.,hard agree tears do not equal accountability ,2,0,2,Auckland,Healthcare,non_binary
demo_shameless_community,Demo Shameless Community,comment,a1861e60-8322-46e2-b676-0246ebbd9d41,6a7d33d9-89e4-4e49-918e-2a38a261753b,,3c46fc4c-22a4-4dca-9078-1eb0d5d529cc,mads,2026-04-03 12:00:00+00:00,I think context matters though; some people really do change when the incentives change.,i think context matters though some people really do change when the incentives change ,2,0,2,London,Legal,male
demo_shameless_community,Demo Shameless Community,post,72698255-5753-4c5f-9a87-046f0b38893b,72698255-5753-4c5f-9a87-046f0b38893b,,1fd42c2d-fadb-4794-8d33-f4eefae244ac,cleo,2026-04-04 04:00:00+00:00,What's your comfort rewatch right now? Not everything needs to be prestige TV. What's your go-to comfort rewatch and why does it still hit?,what s your comfort rewatch right now not everything needs to be prestige tv what s your go to comfort rewatch and why does it still hit ,0,2,2,Auckland,Healthcare,non_binary
demo_shameless_community,Demo Shameless Community,post,4221aa0a-a6aa-4a33-b14e-6f177363c349,4221aa0a-a6aa-4a33-b14e-6f177363c349,,26ea0c6b-e2be-4c73-8b4a-ea05405e5aaf,willa55,2026-04-04 09:15:00+00:00,Can someone explain why cancelled tours keeps coming back? I want the read that makes the whole thing click. Please send your best explainer.,can someone explain why cancelled tours keeps coming back i want the read that makes the whole thing click please send your best explainer ,1,1,2,Gold Coast,Student,prefer_not_to_say
demo_shameless_community,Demo Shameless Community,post,8b8edea4-d7a8-4d2b-b0db-ba207e05c3d1,8b8edea4-d7a8-4d2b-b0db-ba207e05c3d1,,797680b7-038f-4535-9c3b-4af72d637bc4,alixclub,2026-04-04 09:15:00+00:00,Hot take request: girlboss backlash. This has been rattling around in my head since the latest episode. Keen for the community's article or voice note.,hot take request girlboss backlash this has been rattling around in my head since the latest episode keen for the community s article or voice note ,0,2,2,Melbourne,Education,female
demo_shameless_community,Demo Shameless Community,comment,b34a9f2a-ec43-4829-88bd-e695385f3e3f,a787633a-2847-46a6-8524-6f47033f0b07,,92a2012e-738d-4a74-becf-07dd07ab44f7,lila,2026-04-04 11:00:00+00:00,My takeaway was that fame now feels more like a job than a fantasy.,my takeaway was that fame now feels more like a job than a fantasy ,2,0,2,Wellington,Advertising,female
demo_shameless_community,Demo Shameless Community,comment,6f88dc4a-73a2-42c4-a592-33a1abe21fb0,a787633a-2847-46a6-8524-6f47033f0b07,,f97fc0e9-dace-4428-8859-ad8ebd2532fd,tara,2026-04-04 12:00:00+00:00,The quote about visibility not being the same as intimacy really stuck with me.,the quote about visibility not being the same as intimacy really stuck with me ,1,0,1,Newcastle,Hospitality,female
demo_shameless_community,Demo Shameless Community,comment,0d444b7a-16e8-4106-bc83-3c3dc05118f7,4221aa0a-a6aa-4a33-b14e-6f177363c349,,4cca996c-dea3-42ff-aa43-0212eb63d16c,islax,2026-04-04 12:15:00+00:00,My take is less dramatic: people just want a neat story arc.,my take is less dramatic people just want a neat story arc ,1,0,1,Gold Coast,Healthcare,female
demo_shameless_community,Demo Shameless Community,comment,c2895907-19cc-4692-a3c5-b1275e6d5c1d,8b8edea4-d7a8-4d2b-b0db-ba207e05c3d1,,7b71142d-776d-422c-9dd8-e8a1db4563e1,layla,2026-04-04 12:15:00+00:00,For me it comes down to whether the person seems self-aware or just strategic.,for me it comes down to whether the person seems self aware or just strategic ,3,0,3,Wellington,Marketing,female
demo_shameless_community,Demo Shameless Community,comment,480aef03-44f6-4162-a382-a5161c786862,a787633a-2847-46a6-8524-6f47033f0b07,,3c46fc4c-22a4-4dca-9078-1eb0d5d529cc,mads,2026-04-04 13:00:00+00:00,Adding a reading rec: The Cut had a solid piece on this.,adding a reading rec the cut had a solid piece on this ,1,0,1,London,Legal,male
demo_shameless_community,Demo Shameless Community,comment,ccd18e5b-e804-46b0-9e46-dfd637ddfb8a,8b8edea4-d7a8-4d2b-b0db-ba207e05c3d1,c2895907-19cc-4692-a3c5-b1275e6d5c1d,1c685bd4-a8dc-48db-aeca-bab50ba7438f,esme95,2026-04-04 18:15:00+00:00,Replying because my unglamorous answer is that PR teams are better at shaping the vibe than the substance.,replying because my unglamorous answer is that pr teams are better at shaping the vibe than the substance ,0,0,0,Auckland,Education,female
demo_shameless_community,Demo Shameless Community,post,d9e168ee-f673-40e0-b41a-e95af1bb1cd3,d9e168ee-f673-40e0-b41a-e95af1bb1cd3,,3c46fc4c-22a4-4dca-9078-1eb0d5d529cc,mads,2026-04-04 19:08:00+00:00,I keep circling back to comfort rewatches. This has been rattling around in my head since the latest episode. Keen for the community's show rec.,i keep circling back to comfort rewatches this has been rattling around in my head since the latest episode keen for the community s show rec ,0,3,3,London,Legal,male
demo_shameless_community,Demo Shameless Community,comment,f0beee04-cc4c-4a7b-affc-021e7ebbe7e5,d9e168ee-f673-40e0-b41a-e95af1bb1cd3,,1e89dda9-18f6-4def-9abf-5bf0290cc970,arielzz,2026-04-04 23:08:00+00:00,This would make such a good newsletter round-up topic.,this would make such a good newsletter round up topic ,0,0,0,Sydney,Government,female
demo_shameless_community,Demo Shameless Community,post,ebe938ce-8291-4fa2-869e-bd3acb6737fe,ebe938ce-8291-4fa2-869e-bd3acb6737fe,,f97fc0e9-dace-4428-8859-ad8ebd2532fd,tara,2026-04-05 03:00:00+00:00,Community poll: do you like guest episodes more than host-only chats? We are testing the content mix for the prototype. Tell me what you actually press play on.,community poll do you like guest episodes more than host only chats we are testing the content mix for the prototype tell me what you actually press play on ,3,2,5,Newcastle,Hospitality,female
demo_shameless_community,Demo Shameless Community,comment,62e00525-6672-45a6-8fb5-5a72f46e15df,d9e168ee-f673-40e0-b41a-e95af1bb1cd3,f0beee04-cc4c-4a7b-affc-021e7ebbe7e5,d48cb34a-67cb-4a35-ab29-05b3fd2d2699,ana,2026-04-05 08:08:00+00:00,"Totally, but i keep coming back to who benefits from the framing.",totally but i keep coming back to who benefits from the framing ,1,0,1,London,Nonprofit,male
demo_shameless_community,Demo Shameless Community,comment,5ce38bb2-f4bc-4b26-a58e-de60e202d133,d9e168ee-f673-40e0-b41a-e95af1bb1cd3,,e6716ed7-f5f8-4f76-8b16-786cb55b5c1a,rubyx,2026-04-05 10:08:00+00:00,There is also a class angle here that people skip past.,there is also a class angle here that people skip past ,2,0,2,Auckland,Government,female
demo_shameless_community,Demo Shameless Community,comment,a303833b-ff70-4bb8-82c9-2a292032fdcd,72698255-5753-4c5f-9a87-046f0b38893b,,3c46fc4c-22a4-4dca-9078-1eb0d5d529cc,mads,2026-04-05 11:00:00+00:00,New Girl forever. No notes.,new girl forever no notes ,2,0,2,London,Legal,male
demo_shameless_community,Demo Shameless Community,comment,282988d7-00df-4446-bd97-66ed12190e91,72698255-5753-4c5f-9a87-046f0b38893b,,5ba27d3d-ac03-42e9-931a-893a0bc836f6,nia,2026-04-05 12:00:00+00:00,Gilmore Girls but only autumn episodes.,gilmore girls but only autumn episodes ,0,0,0,Bristol,Fashion,female
demo_shameless_community,Demo Shameless Community,comment,2cd71e54-b10c-46a1-b5de-32c0c03b1bac,ebe938ce-8291-4fa2-869e-bd3acb6737fe,,5ba27d3d-ac03-42e9-931a-893a0bc836f6,nia,2026-04-06 11:00:00+00:00,"Host-only for analysis, guests for interviews.",host only for analysis guests for interviews ,1,0,1,Bristol,Fashion,female
demo_shameless_community,Demo Shameless Community,post,d1370ea2-2343-49b0-8c42-9c628fb23ed5,d1370ea2-2343-49b0-8c42-9c628fb23ed5,,1fd42c2d-fadb-4794-8d33-f4eefae244ac,cleo,2026-04-06 11:51:00+00:00,Need the group's view on reality TV villains. This has been rattling around in my head since the latest episode. Keen for the community's smartest dumb take. Bonus points if it's more thoughtful than whatever TikTok is doing with it today.,need the group s view on reality tv villains this has been rattling around in my head since the latest episode keen for the community s smartest dumb take bonus points if it s more thoughtful than whatever tiktok is doing with it today ,0,0,0,Auckland,Healthcare,non_binary
demo_shameless_community,Demo Shameless Community,comment,5f1137f5-0818-4d88-9825-3e9192ced1c8,ebe938ce-8291-4fa2-869e-bd3acb6737fe,,8c3853ef-e9fd-489e-a00e-c4e6de6388c3,soph,2026-04-06 12:00:00+00:00,Guest eps when the chemistry is actually good.,guest eps when the chemistry is actually good ,2,0,2,Bristol,Healthcare,female
demo_shameless_community,Demo Shameless Community,post,dbeb47af-6152-4335-8710-86398ae0410f,dbeb47af-6152-4335-8710-86398ae0410f,,4d7418d0-b0c1-441d-9365-e1f5c7cd85c2,bellaclub,2026-04-06 17:55:00+00:00,Who has the best take on parasocial friendship? This has been rattling around in my head since the latest episode. Keen for the community's take. Bonus points if it's more thoughtful than whatever TikTok is doing with it today.,who has the best take on parasocial friendship this has been rattling around in my head since the latest episode keen for the community s take bonus points if it s more thoughtful than whatever tiktok is doing with it today ,1,0,1,Adelaide,Healthcare,female
