value_segment,city,industry,gender,user_count
low,London,Healthcare,female,3
low,Adelaide,Advertising,non_binary,1
low,Adelaide,Finance,female,1
low,Adelaide,Legal,non_binary,1
low,Adelaide,Marketing,prefer_not_to_say,1
low,Adelaide,Media,male,1
low,Adelaide,Publishing,female,1
low,Adelaide,Student,male,1
low,Auckland,Advertising,non_binary,1
low,Auckland,Finance,female,1
low,Auckland,Finance,male,1
low,Auckland,Hospitality,non_binary,1
low,Auckland,Marketing,female,1
low,Auckland,Technology,prefer_not_to_say,1
low,Brisbane,Government,male,1
low,Brisbane,Healthcare,female,1
low,Brisbane,Publishing,male,1
low,Brisbane,Technology,female,1
low,Bristol,Education,female,1
low,Bristol,Technology,male,1
low,Canberra,Media,female,1
low,Christchurch,Healthcare,non_binary,1
low,Christchurch,Hospitality,male,1
low,Christchurch,Marketing,female,1
low,Christchurch,Media,female,1
low,Christchurch,Nonprofit,female,1
low,Christchurch,Technology,male,1
low,Gold Coast,Media,female,1
low,Hobart,Fashion,female,1
low,Hobart,Government,female,1
low,London,Consulting,female,1
low,London,Retail,female,1
low,London,Student,non_binary,1
low,Manchester,Education,prefer_not_to_say,1
low,Manchester,Finance,non_binary,1
low,Manchester,Legal,female,1
low,Manchester,Technology,prefer_not_to_say,1
low,Melbourne,Fashion,prefer_not_to_say,1
low,Melbourne,Finance,female,1
low,Melbourne,Publishing,prefer_not_to_say,1
low,Melbourne,Retail,male,1
low,Newcastle,Education,female,1
low,Newcastle,Finance,female,1
low,Newcastle,Healthcare,female,1
low,Newcastle,Student,female,1
low,Perth,Education,female,1
low,Perth,Education,prefer_not_to_say,1
low,Perth,Marketing,male,1
low,Perth,Nonprofit,non_binary,1
low,Perth,Technology,male,1
low,Singapore,Consulting,female,1
low,Singapore,Education,female,1
low,Singapore,Fashion,prefer_not_to_say,1
low,Singapore,Nonprofit,female,1
low,Singapore,Publishing,female,1
low,Singapore,Technology,female,1
low,Sydney,Advertising,prefer_not_to_say,1
low,Sydney,Government,female,1
low,Sydney,Media,non_binary,1
low,Sydney,Retail,female,1
low,Wellington,Consulting,female,1
low,Wellington,Consulting,prefer_not_to_say,1
low,Wellington,Education,male,1
low,Wellington,Media,female,1
low,Wellington,Retail,female,1
low,Adelaide,Advertising,female,0
low,Adelaide,Advertising,male,0
low,Adelaide,Advertising,prefer_not_to_say,0
low,Adelaide,Consulting,female,0
low,Adelaide,Consulting,male,0
low,Adelaide,Consulting,non_binary,0
low,Adelaide,Consulting,prefer_not_to_say,0
low,Adelaide,Education,female,0
low,Adelaide,Education,male,0
low,Adelaide,Education,non_binary,0
low,Adelaide,Education,prefer_not_to_say,0
low,Adelaide,Fashion,female,0
low,Adelaide,Fashion,male,0
low,Adelaide,Fashion,non_binary,0
low,Adelaide,Fashion,prefer_not_to_say,0
low,Adelaide,Finance,male,0
low,Adelaide,Finance,non_binary,0
low,Adelaide,Finance,prefer_not_to_say,0
low,Adelaide,Government,female,0
low,Adelaide,Government,male,0
low,Adelaide,Government,non_binary,0
low,Adelaide,Government,prefer_not_to_say,0
low,Adelaide,Healthcare,female,0
low,Adelaide,Healthcare,male,0
low,Adelaide,Healthcare,non_binary,0
low,Adelaide,Healthcare,prefer_not_to_say,0
low,Adelaide,Hospitality,female,0
low,Adelaide,Hospitality,male,0
low,Adelaide,Hospitality,non_binary,0
low,Adelaide,Hospitality,prefer_not_to_say,0
low,Adelaide,Legal,female,0
low,Adelaide,Legal,male,0
low,Adelaide,Legal,prefer_not_to_say,0
low,Adelaide,Marketing,female,0
low,Adelaide,Marketing,male,0
low,Adelaide,Marketing,non_binary,0
low,Adelaide,Media,female,0
low,Adelaide,Media,non_binary,0
low,Adelaide,Media,prefer_not_to_say,0
low,Adelaide,Nonprofit,female,0
low,Adelaide,Nonprofit,male,0
low,Adelaide,Nonprofit,non_binary,0
low,Adelaide,Nonprofit,prefer_not_to_say,0
low,Adelaide,Publishing,male,0
low,Adelaide,Publishing,non_binary,0
low,Adelaide,Publishing,prefer_not_to_say,0
low,Adelaide,Retail,female,0
low,Adelaide,Retail,male,0
low,Adelaide,Retail,non_binary,0
low,Adelaide,Retail,prefer_not_to_say,0
low,Adelaide,Student,female,0
low,Adelaide,Student,non_binary,0
low,Adelaide,Student,prefer_not_to_say,0
low,Adelaide,Technology,female,0
low,Adelaide,Technology,male,0
low,Adelaide,Technology,non_binary,0
low,Adelaide,Technology,prefer_not_to_say,0
low,Auckland,Advertising,female,0
low,Auckland,Advertising,male,0
low,Auckland,Advertising,prefer_not_to_say,0
low,Auckland,Consulting,female,0
low,Auckland,Consulting,male,0
low,Auckland,Consulting,non_binary,0
low,Auckland,Consulting,prefer_not_to_say,0
low,Auckland,Education,female,0
low,Auckland,Education,male,0
low,Auckland,Education,non_binary,0
low,Auckland,Education,prefer_not_to_say,0
low,Auckland,Fashion,female,0
low,Auckland,Fashion,male,0
low,Auckland,Fashion,non_binary,0
low,Auckland,Fashion,prefer_not_to_say,0
low,Auckland,Finance,non_binary,0
low,Auckland,Finance,prefer_not_to_say,0
low,Auckland,Government,female,0
low,Auckland,Government,male,0
low,Auckland,Government,non_binary,0
low,Auckland,Government,prefer_not_to_say,0
low,Auckland,Healthcare,female,0
low,Auckland,Healthcare,male,0
low,Auckland,Healthcare,non_binary,0
low,Auckland,Healthcare,prefer_not_to_say,0
low,Auckland,Hospitality,female,0
low,Auckland,Hospitality,male,0
low,Auckland,Hospitality,prefer_not_to_say,0
low,Auckland,Legal,female,0
low,Auckland,Legal,male,0
low,Auckland,Legal,non_binary,0
low,Auckland,Legal,prefer_not_to_say,0
low,Auckland,Marketing,male,0
low,Auckland,Marketing,non_binary,0
low,Auckland,Marketing,prefer_not_to_say,0
low,Auckland,Media,female,0
low,Auckland,Media,male,0
low,Auckland,Media,non_binary,0
low,Auckland,Media,prefer_not_to_say,0
low,Auckland,Nonprofit,female,0
low,Auckland,Nonprofit,male,0
low,Auckland,Nonprofit,non_binary,0
low,Auckland,Nonprofit,prefer_not_to_say,0
low,Auckland,Publishing,female,0
low,Auckland,Publishing,male,0
low,Auckland,Publishing,non_binary,0
low,Auckland,Publishing,prefer_not_to_say,0
low,Auckland,Retail,female,0
low,Auckland,Retail,male,0
low,Auckland,Retail,non_binary,0
low,Auckland,Retail,prefer_not_to_say,0
low,Auckland,Student,female,0
low,Auckland,Student,male,0
low,Auckland,Student,non_binary,0
low,Auckland,Student,prefer_not_to_say,0
low,Auckland,Technology,female,0
low,Auckland,Technology,male,0
low,Auckland,Technology,non_binary,0
low,Brisbane,Advertising,female,0
low,Brisbane,Advertising,male,0
low,Brisbane,Advertising,non_binary,0
low,Brisbane,Advertising,prefer_not_to_say,0
low,Brisbane,Consulting,female,0
low,Brisbane,Consulting,male,0
low,Brisbane,Consulting,non_binary,0
low,Brisbane,Consulting,prefer_not_to_say,0
low,Brisbane,Education,female,0
low,Brisbane,Education,male,0
low,Brisbane,Education,non_binary,0
low,Brisbane,Education,prefer_not_to_say,0
low,Brisbane,Fashion,female,0
low,Brisbane,Fashion,male,0
low,Brisbane,Fashion,non_binary,0
low,Brisbane,Fashion,prefer_not_to_say,0
low,Brisbane,Finance,female,0
low,Brisbane,Finance,male,0
low,Brisbane,Finance,non_binary,0
low,Brisbane,Finance,prefer_not_to_say,0
low,Brisbane,Government,female,0
low,Brisbane,Government,non_binary,0
low,Brisbane,Government,prefer_not_to_say,0
low,Brisbane,Healthcare,male,0
low,Brisbane,Healthcare,non_binary,0
low,Brisbane,Healthcare,prefer_not_to_say,0
low,Brisbane,Hospitality,female,0
low,Brisbane,Hospitality,male,0
low,Brisbane,Hospitality,non_binary,0
low,Brisbane,Hospitality,prefer_not_to_say,0
low,Brisbane,Legal,female,0
low,Brisbane,Legal,male,0
low,Brisbane,Legal,non_binary,0
low,Brisbane,Legal,prefer_not_to_say,0
low,Brisbane,Marketing,female,0
low,Brisbane,Marketing,male,0
low,Brisbane,Marketing,non_binary,0
low,Brisbane,Marketing,prefer_not_to_say,0
low,Brisbane,Media,female,0
low,Brisbane,Media,male,0
low,Brisbane,Media,non_binary,0
low,Brisbane,Media,prefer_not_to_say,0
low,Brisbane,Nonprofit,female,0
low,Brisbane,Nonprofit,male,0
low,Brisbane,Nonprofit,non_binary,0
low,Brisbane,Nonprofit,prefer_not_to_say,0
low,Brisbane,Publishing,female,0
low,Brisbane,Publishing,non_binary,0
low,Brisbane,Publishing,prefer_not_to_say,0
low,Brisbane,Retail,female,0
low,Brisbane,Retail,male,0
low,Brisbane,Retail,non_binary,0
low,Brisbane,Retail,prefer_not_to_say,0
low,Brisbane,Student,female,0
low,Brisbane,Student,male,0
low,Brisbane,Student,non_binary,0
low,Brisbane,Student,prefer_not_to_say,0
low,Brisbane,Technology,male,0
low,Brisbane,Technology,non_binary,0
low,Brisbane,Technology,prefer_not_to_say,0
low,Bristol,Advertising,female,0
low,Bristol,Advertising,male,0
low,Bristol,Advertising,non_binary,0
low,Bristol,Advertising,prefer_not_to_say,0
low,Bristol,Consulting,female,0
low,Bristol,Consulting,male,0
low,Bristol,Consulting,non_binary,0
low,Bristol,Consulting,prefer_not_to_say,0
low,Bristol,Education,male,0
low,Bristol,Education,non_binary,0
low,Bristol,Education,prefer_not_to_say,0
low,Bristol,Fashion,female,0
low,Bristol,Fashion,male,0
low,Bristol,Fashion,non_binary,0
low,Bristol,Fashion,prefer_not_to_say,0
low,Bristol,Finance,female,0
low,Bristol,Finance,male,0
low,Bristol,Finance,non_binary,0
low,Bristol,Finance,prefer_not_to_say,0
low,Bristol,Government,female,0
low,Bristol,Government,male,0
low,Bristol,Government,non_binary,0
low,Bristol,Government,prefer_not_to_say,0
low,Bristol,Healthcare,female,0
low,Bristol,Healthcare,male,0
low,Bristol,Healthcare,non_binary,0
low,Bristol,Healthcare,prefer_not_to_say,0
low,Bristol,Hospitality,female,0
low,Bristol,Hospitality,male,0
low,Bristol,Hospitality,non_binary,0
low,Bristol,Hospitality,prefer_not_to_say,0
low,Bristol,Legal,female,0
low,Bristol,Legal,male,0
low,Bristol,Legal,non_binary,0
low,Bristol,Legal,prefer_not_to_say,0
low,Bristol,Marketing,female,0
low,Bristol,Marketing,male,0
low,Bristol,Marketing,non_binary,0
low,Bristol,Marketing,prefer_not_to_say,0
low,Bristol,Media,female,0
low,Bristol,Media,male,0
low,Bristol,Media,non_binary,0
low,Bristol,Media,prefer_not_to_say,0
low,Bristol,Nonprofit,female,0
low,Bristol,Nonprofit,male,0
low,Bristol,Nonprofit,non_binary,0
low,Bristol,Nonprofit,prefer_not_to_say,0
low,Bristol,Publishing,female,0
low,Bristol,Publishing,male,0
low,Bristol,Publishing,non_binary,0
low,Bristol,Publishing,prefer_not_to_say,0
low,Bristol,Retail,female,0
low,Bristol,Retail,male,0
low,Bristol,Retail,non_binary,0
low,Bristol,Retail,prefer_not_to_say,0
low,Bristol,Student,female,0
low,Bristol,Student,male,0
low,Bristol,Student,non_binary,0
low,Bristol,Student,prefer_not_to_say,0
low,Bristol,Technology,female,0
low,Bristol,Technology,non_binary,0
low,Bristol,Technology,prefer_not_to_say,0
low,Canberra,Advertising,female,0
low,Canberra,Advertising,male,0
low,Canberra,Advertising,non_binary,0
low,Canberra,Advertising,prefer_not_to_say,0
low,Canberra,Consulting,female,0
low,Canberra,Consulting,male,0
low,Canberra,Consulting,non_binary,0
low,Canberra,Consulting,prefer_not_to_say,0
low,Canberra,Education,female,0
low,Canberra,Education,male,0
low,Canberra,Education,non_binary,0
low,Canberra,Education,prefer_not_to_say,0
low,Canberra,Fashion,female,0
low,Canberra,Fashion,male,0
low,Canberra,Fashion,non_binary,0
low,Canberra,Fashion,prefer_not_to_say,0
low,Canberra,Finance,female,0
low,Canberra,Finance,male,0
low,Canberra,Finance,non_binary,0
low,Canberra,Finance,prefer_not_to_say,0
low,Canberra,Government,female,0
low,Canberra,Government,male,0
low,Canberra,Government,non_binary,0
low,Canberra,Government,prefer_not_to_say,0
low,Canberra,Healthcare,female,0
low,Canberra,Healthcare,male,0
low,Canberra,Healthcare,non_binary,0
low,Canberra,Healthcare,prefer_not_to_say,0
low,Canberra,Hospitality,female,0
low,Canberra,Hospitality,male,0
low,Canberra,Hospitality,non_binary,0
low,Canberra,Hospitality,prefer_not_to_say,0
low,Canberra,Legal,female,0
low,Canberra,Legal,male,0
low,Canberra,Legal,non_binary,0
low,Canberra,Legal,prefer_not_to_say,0
low,Canberra,Marketing,female,0
low,Canberra,Marketing,male,0
low,Canberra,Marketing,non_binary,0
low,Canberra,Marketing,prefer_not_to_say,0
low,Canberra,Media,male,0
low,Canberra,Media,non_binary,0
low,Canberra,Media,prefer_not_to_say,0
low,Canberra,Nonprofit,female,0
low,Canberra,Nonprofit,male,0
low,Canberra,Nonprofit,non_binary,0
low,Canberra,Nonprofit,prefer_not_to_say,0
low,Canberra,Publishing,female,0
low,Canberra,Publishing,male,0
low,Canberra,Publishing,non_binary,0
low,Canberra,Publishing,prefer_not_to_say,0
low,Canberra,Retail,female,0
low,Canberra,Retail,male,0
low,Canberra,Retail,non_binary,0
low,Canberra,Retail,prefer_not_to_say,0
low,Canberra,Student,female,0
low,Canberra,Student,male,0
low,Canberra,Student,non_binary,0
low,Canberra,Student,prefer_not_to_say,0
low,Canberra,Technology,female,0
low,Canberra,Technology,male,0
low,Canberra,Technology,non_binary,0
low,Canberra,Technology,prefer_not_to_say,0
low,Christchurch,Advertising,female,0
low,Christchurch,Advertising,male,0
low,Christchurch,Advertising,non_binary,0
low,Christchurch,Advertising,prefer_not_to_say,0
low,Christchurch,Consulting,female,0
low,Christchurch,Consulting,male,0
low,Christchurch,Consulting,non_binary,0
low,Christchurch,Consulting,prefer_not_to_say,0
low,Christchurch,Education,female,0
low,Christchurch,Education,male,0
low,Christchurch,Education,non_binary,0
low,Christchurch,Education,prefer_not_to_say,0
low,Christchurch,Fashion,female,0
low,Christchurch,Fashion,male,0
low,Christchurch,Fashion,non_binary,0
low,Christchurch,Fashion,prefer_not_to_say,0
low,Christchurch,Finance,female,0
low,Christchurch,Finance,male,0
low,Christchurch,Finance,non_binary,0
low,Christchurch,Finance,prefer_not_to_say,0
low,Christchurch,Government,female,0
low,Christchurch,Government,male,0
low,Christchurch,Government,non_binary,0
low,Christchurch,Government,prefer_not_to_say,0
low,Christchurch,Healthcare,female,0
low,Christchurch,Healthcare,male,0
low,Christchurch,Healthcare,prefer_not_to_say,0
low,Christchurch,Hospitality,female,0
low,Christchurch,Hospitality,non_binary,0
low,Christchurch,Hospitality,prefer_not_to_say,0
low,Christchurch,Legal,female,0
low,Christchurch,Legal,male,0
low,Christchurch,Legal,non_binary,0
low,Christchurch,Legal,prefer_not_to_say,0
low,Christchurch,Marketing,male,0
low,Christchurch,Marketing,non_binary,0
low,Christchurch,Marketing,prefer_not_to_say,0
low,Christchurch,Media,male,0
low,Christchurch,Media,non_binary,0
low,Christchurch,Media,prefer_not_to_say,0
low,Christchurch,Nonprofit,male,0
low,Christchurch,Nonprofit,non_binary,0
low,Christchurch,Nonprofit,prefer_not_to_say,0
low,Christchurch,Publishing,female,0
low,Christchurch,Publishing,male,0
low,Christchurch,Publishing,non_binary,0
low,Christchurch,Publishing,prefer_not_to_say,0
low,Christchurch,Retail,female,0
low,Christchurch,Retail,male,0
low,Christchurch,Retail,non_binary,0
low,Christchurch,Retail,prefer_not_to_say,0
low,Christchurch,Student,female,0
low,Christchurch,Student,male,0
low,Christchurch,Student,non_binary,0
low,Christchurch,Student,prefer_not_to_say,0
low,Christchurch,Technology,female,0
low,Christchurch,Technology,non_binary,0
low,Christchurch,Technology,prefer_not_to_say,0
low,Gold Coast,Advertising,female,0
low,Gold Coast,Advertising,male,0
low,Gold Coast,Advertising,non_binary,0
low,Gold Coast,Advertising,prefer_not_to_say,0
low,Gold Coast,Consulting,female,0
low,Gold Coast,Consulting,male,0
low,Gold Coast,Consulting,non_binary,0
low,Gold Coast,Consulting,prefer_not_to_say,0
low,Gold Coast,Education,female,0
low,Gold Coast,Education,male,0
low,Gold Coast,Education,non_binary,0
low,Gold Coast,Education,prefer_not_to_say,0
low,Gold Coast,Fashion,female,0
low,Gold Coast,Fashion,male,0
low,Gold Coast,Fashion,non_binary,0
low,Gold Coast,Fashion,prefer_not_to_say,0
low,Gold Coast,Finance,female,0
low,Gold Coast,Finance,male,0
low,Gold Coast,Finance,non_binary,0
low,Gold Coast,Finance,prefer_not_to_say,0
low,Gold Coast,Government,female,0
low,Gold Coast,Government,male,0
low,Gold Coast,Government,non_binary,0
low,Gold Coast,Government,prefer_not_to_say,0
low,Gold Coast,Healthcare,female,0
low,Gold Coast,Healthcare,male,0
low,Gold Coast,Healthcare,non_binary,0
low,Gold Coast,Healthcare,prefer_not_to_say,0
low,Gold Coast,Hospitality,female,0
low,Gold Coast,Hospitality,male,0
low,Gold Coast,Hospitality,non_binary,0
low,Gold Coast,Hospitality,prefer_not_to_say,0
low,Gold Coast,Legal,female,0
low,Gold Coast,Legal,male,0
low,Gold Coast,Legal,non_binary,0
low,Gold Coast,Legal,prefer_not_to_say,0
low,Gold Coast,Marketing,female,0
low,Gold Coast,Marketing,male,0
low,Gold Coast,Marketing,non_binary,0
low,Gold Coast,Marketing,prefer_not_to_say,0
low,Gold Coast,Media,male,0
low,Gold Coast,Media,non_binary,0
low,Gold Coast,Media,prefer_not_to_say,0
low,Gold Coast,Nonprofit,female,0
low,Gold Coast,Nonprofit,male,0
low,Gold Coast,Nonprofit,non_binary,0
low,Gold Coast,Nonprofit,prefer_not_to_say,0
low,Gold Coast,Publishing,female,0
low,Gold Coast,Publishing,male,0
low,Gold Coast,Publishing,non_binary,0
low,Gold Coast,Publishing,prefer_not_to_say,0
low,Gold Coast,Retail,female,0
low,Gold Coast,Retail,male,0
low,Gold Coast,Retail,non_binary,0
low,Gold Coast,Retail,prefer_not_to_say,0
low,Gold Coast,Student,female,0
low,Gold Coast,Student,male,0
low,Gold Coast,Student,non_binary,0
low,Gold Coast,Student,prefer_not_to_say,0
low,Gold Coast,Technology,female,0
low,Gold Coast,Technology,male,0
low,Gold Coast,Technology,non_binary,0
low,Gold Coast,Technology,prefer_not_to_say,0
low,Hobart,Advertising,female,0
low,Hobart,Advertising,male,0
low,Hobart,Advertising,non_binary,0
low,Hobart,Advertising,prefer_not_to_say,0
low,Hobart,Consulting,female,0
low,Hobart,Consulting,male,0
low,Hobart,Consulting,non_binary,0
low,Hobart,Consulting,prefer_not_to_say,0
low,Hobart,Education,female,0
low,Hobart,Education,male,0
low,Hobart,Education,non_binary,0
low,Hobart,Education,prefer_not_to_say,0
low,Hobart,Fashion,male,0
low,Hobart,Fashion,non_binary,0
low,Hobart,Fashion,prefer_not_to_say,0
low,Hobart,Finance,female,0
low,Hobart,Finance,male,0
low,Hobart,Finance,non_binary,0
low,Hobart,Finance,prefer_not_to_say,0
low,Hobart,Government,male,0
low,Hobart,Government,non_binary,0
low,Hobart,Government,prefer_not_to_say,0
low,Hobart,Healthcare,female,0
low,Hobart,Healthcare,male,0
low,Hobart,Healthcare,non_binary,0
low,Hobart,Healthcare,prefer_not_to_say,0
low,Hobart,Hospitality,female,0
low,Hobart,Hospitality,male,0
low,Hobart,Hospitality,non_binary,0
low,Hobart,Hospitality,prefer_not_to_say,0
low,Hobart,Legal,female,0
low,Hobart,Legal,male,0
low,Hobart,Legal,non_binary,0
low,Hobart,Legal,prefer_not_to_say,0
low,Hobart,Marketing,female,0
low,Hobart,Marketing,male,0
low,Hobart,Marketing,non_binary,0
low,Hobart,Marketing,prefer_not_to_say,0
low,Hobart,Media,female,0
low,Hobart,Media,male,0
low,Hobart,Media,non_binary,0
low,Hobart,Media,prefer_not_to_say,0
low,Hobart,Nonprofit,female,0
low,Hobart,Nonprofit,male,0
low,Hobart,Nonprofit,non_binary,0
low,Hobart,Nonprofit,prefer_not_to_say,0
low,Hobart,Publishing,female,0
low,Hobart,Publishing,male,0
low,Hobart,Publishing,non_binary,0
low,Hobart,Publishing,prefer_not_to_say,0
low,Hobart,Retail,female,0
low,Hobart,Retail,male,0
low,Hobart,Retail,non_binary,0
low,Hobart,Retail,prefer_not_to_say,0
low,Hobart,Student,female,0
low,Hobart,Student,male,0
low,Hobart,Student,non_binary,0
low,Hobart,Student,prefer_not_to_say,0
low,Hobart,Technology,female,0
low,Hobart,Technology,male,0
low,Hobart,Technology,non_binary,0
low,Hobart,Technology,prefer_not_to_say,0
low,London,Advertising,female,0
low,London,Advertising,male,0
low,London,Advertising,non_binary,0
low,London,Advertising,prefer_not_to_say,0
low,London,Consulting,male,0
low,London,Consulting,non_binary,0
low,London,Consulting,prefer_not_to_say,0
low,London,Education,female,0
low,London,Education,male,0
low,London,Education,non_binary,0
low,London,Education,prefer_not_to_say,0
low,London,Fashion,female,0
low,London,Fashion,male,0
low,London,Fashion,non_binary,0
low,London,Fashion,prefer_not_to_say,0
low,London,Finance,female,0
low,London,Finance,male,0
low,London,Finance,non_binary,0
low,London,Finance,prefer_not_to_say,0
low,London,Government,female,0
low,London,Government,male,0
low,London,Government,non_binary,0
low,London,Government,prefer_not_to_say,0
low,London,Healthcare,male,0
low,London,Healthcare,non_binary,0
low,London,Healthcare,prefer_not_to_say,0
low,London,Hospitality,female,0
low,London,Hospitality,male,0
low,London,Hospitality,non_binary,0
low,London,Hospitality,prefer_not_to_say,0
low,London,Legal,female,0
low,London,Legal,male,0
low,London,Legal,non_binary,0
low,London,Legal,prefer_not_to_say,0
low,London,Marketing,female,0
low,London,Marketing,male,0
low,London,Marketing,non_binary,0
low,London,Marketing,prefer_not_to_say,0
low,London,Media,female,0
low,London,Media,male,0
low,London,Media,non_binary,0
low,London,Media,prefer_not_to_say,0
low,London,Nonprofit,female,0
low,London,Nonprofit,male,0
low,London,Nonprofit,non_binary,0
low,London,Nonprofit,prefer_not_to_say,0
low,London,Publishing,female,0
low,London,Publishing,male,0
low,London,Publishing,non_binary,0
low,London,Publishing,prefer_not_to_say,0
low,London,Retail,male,0
low,London,Retail,non_binary,0
low,London,Retail,prefer_not_to_say,0
low,London,Student,female,0
low,London,Student,male,0
low,London,Student,prefer_not_to_say,0
low,London,Technology,female,0
low,London,Technology,male,0
low,London,Technology,non_binary,0
low,London,Technology,prefer_not_to_say,0
low,Manchester,Advertising,female,0
low,Manchester,Advertising,male,0
low,Manchester,Advertising,non_binary,0
low,Manchester,Advertising,prefer_not_to_say,0
low,Manchester,Consulting,female,0
low,Manchester,Consulting,male,0
low,Manchester,Consulting,non_binary,0
low,Manchester,Consulting,prefer_not_to_say,0
low,Manchester,Education,female,0
low,Manchester,Education,male,0
low,Manchester,Education,non_binary,0
low,Manchester,Fashion,female,0
low,Manchester,Fashion,male,0
low,Manchester,Fashion,non_binary,0
low,Manchester,Fashion,prefer_not_to_say,0
low,Manchester,Finance,female,0
low,Manchester,Finance,male,0
low,Manchester,Finance,prefer_not_to_say,0
low,Manchester,Government,female,0
low,Manchester,Government,male,0
low,Manchester,Government,non_binary,0
low,Manchester,Government,prefer_not_to_say,0
low,Manchester,Healthcare,female,0
low,Manchester,Healthcare,male,0
low,Manchester,Healthcare,non_binary,0
low,Manchester,Healthcare,prefer_not_to_say,0
low,Manchester,Hospitality,female,0
low,Manchester,Hospitality,male,0
low,Manchester,Hospitality,non_binary,0
low,Manchester,Hospitality,prefer_not_to_say,0
low,Manchester,Legal,male,0
low,Manchester,Legal,non_binary,0
low,Manchester,Legal,prefer_not_to_say,0
low,Manchester,Marketing,female,0
low,Manchester,Marketing,male,0
low,Manchester,Marketing,non_binary,0
low,Manchester,Marketing,prefer_not_to_say,0
low,Manchester,Media,female,0
low,Manchester,Media,male,0
low,Manchester,Media,non_binary,0
low,Manchester,Media,prefer_not_to_say,0
low,Manchester,Nonprofit,female,0
low,Manchester,Nonprofit,male,0
low,Manchester,Nonprofit,non_binary,0
low,Manchester,Nonprofit,prefer_not_to_say,0
low,Manchester,Publishing,female,0
low,Manchester,Publishing,male,0
low,Manchester,Publishing,non_binary,0
low,Manchester,Publishing,prefer_not_to_say,0
low,Manchester,Retail,female,0
low,Manchester,Retail,male,0
low,Manchester,Retail,non_binary,0
low,Manchester,Retail,prefer_not_to_say,0
low,Manchester,Student,female,0
low,Manchester,Student,male,0
low,Manchester,Student,non_binary,0
low,Manchester,Student,prefer_not_to_say,0
low,Manchester,Technology,female,0
low,Manchester,Technology,male,0
low,Manchester,Technology,non_binary,0
low,Melbourne,Advertising,female,0
low,Melbourne,Advertising,male,0
low,Melbourne,Advertising,non_binary,0
low,Melbourne,Advertising,prefer_not_to_say,0
low,Melbourne,Consulting,female,0
low,Melbourne,Consulting,male,0
low,Melbourne,Consulting,non_binary,0
low,Melbourne,Consulting,prefer_not_to_say,0
low,Melbourne,Education,female,0
low,Melbourne,Education,male,0
low,Melbourne,Education,non_binary,0
low,Melbourne,Education,prefer_not_to_say,0
low,Melbourne,Fashion,female,0
low,Melbourne,Fashion,male,0
low,Melbourne,Fashion,non_binary,0
low,Melbourne,Finance,male,0
low,Melbourne,Finance,non_binary,0
low,Melbourne,Finance,prefer_not_to_say,0
low,Melbourne,Government,female,0
low,Melbourne,Government,male,0
low,Melbourne,Government,non_binary,0
low,Melbourne,Government,prefer_not_to_say,0
low,Melbourne,Healthcare,female,0
low,Melbourne,Healthcare,male,0
low,Melbourne,Healthcare,non_binary,0
low,Melbourne,Healthcare,prefer_not_to_say,0
low,Melbourne,Hospitality,female,0
low,Melbourne,Hospitality,male,0
low,Melbourne,Hospitality,non_binary,0
low,Melbourne,Hospitality,prefer_not_to_say,0
low,Melbourne,Legal,female,0
low,Melbourne,Legal,male,0
low,Melbourne,Legal,non_binary,0
low,Melbourne,Legal,prefer_not_to_say,0
low,Melbourne,Marketing,female,0
low,Melbourne,Marketing,male,0
low,Melbourne,Marketing,non_binary,0
low,Melbourne,Marketing,prefer_not_to_say,0
low,Melbourne,Media,female,0
low,Melbourne,Media,male,0
low,Melbourne,Media,non_binary,0
low,Melbourne,Media,prefer_not_to_say,0
low,Melbourne,Nonprofit,female,0
low,Melbourne,Nonprofit,male,0
low,Melbourne,Nonprofit,non_binary,0
low,Melbourne,Nonprofit,prefer_not_to_say,0
low,Melbourne,Publishing,female,0
low,Melbourne,Publishing,male,0
low,Melbourne,Publishing,non_binary,0
low,Melbourne,Retail,female,0
low,Melbourne,Retail,non_binary,0
low,Melbourne,Retail,prefer_not_to_say,0
low,Melbourne,Student,female,0
low,Melbourne,Student,male,0
low,Melbourne,Student,non_binary,0
low,Melbourne,Student,prefer_not_to_say,0
low,Melbourne,Technology,female,0
low,Melbourne,Technology,male,0
low,Melbourne,Technology,non_binary,0
low,Melbourne,Technology,prefer_not_to_say,0
low,Newcastle,Advertising,female,0
low,Newcastle,Advertising,male,0
low,Newcastle,Advertising,non_binary,0
low,Newcastle,Advertising,prefer_not_to_say,0
low,Newcastle,Consulting,female,0
low,Newcastle,Consulting,male,0
low,Newcastle,Consulting,non_binary,0
low,Newcastle,Consulting,prefer_not_to_say,0
low,Newcastle,Education,male,0
low,Newcastle,Education,non_binary,0
low,Newcastle,Education,prefer_not_to_say,0
low,Newcastle,Fashion,female,0
low,Newcastle,Fashion,male,0
low,Newcastle,Fashion,non_binary,0
low,Newcastle,Fashion,prefer_not_to_say,0
low,Newcastle,Finance,male,0
low,Newcastle,Finance,non_binary,0
low,Newcastle,Finance,prefer_not_to_say,0
low,Newcastle,Government,female,0
low,Newcastle,Government,male,0
low,Newcastle,Government,non_binary,0
low,Newcastle,Government,prefer_not_to_say,0
low,Newcastle,Healthcare,male,0
low,Newcastle,Healthcare,non_binary,0
low,Newcastle,Healthcare,prefer_not_to_say,0
low,Newcastle,Hospitality,female,0
low,Newcastle,Hospitality,male,0
low,Newcastle,Hospitality,non_binary,0
low,Newcastle,Hospitality,prefer_not_to_say,0
low,Newcastle,Legal,female,0
low,Newcastle,Legal,male,0
low,Newcastle,Legal,non_binary,0
low,Newcastle,Legal,prefer_not_to_say,0
low,Newcastle,Marketing,female,0
low,Newcastle,Marketing,male,0
low,Newcastle,Marketing,non_binary,0
low,Newcastle,Marketing,prefer_not_to_say,0
low,Newcastle,Media,female,0
low,Newcastle,Media,male,0
low,Newcastle,Media,non_binary,0
low,Newcastle,Media,prefer_not_to_say,0
low,Newcastle,Nonprofit,female,0
low,Newcastle,Nonprofit,male,0
low,Newcastle,Nonprofit,non_binary,0
low,Newcastle,Nonprofit,prefer_not_to_say,0
low,Newcastle,Publishing,female,0
low,Newcastle,Publishing,male,0
low,Newcastle,Publishing,non_binary,0
low,Newcastle,Publishing,prefer_not_to_say,0
low,Newcastle,Retail,female,0
low,Newcastle,Retail,male,0
low,Newcastle,Retail,non_binary,0
low,Newcastle,Retail,prefer_not_to_say,0
low,Newcastle,Student,male,0
low,Newcastle,Student,non_binary,0
low,Newcastle,Student,prefer_not_to_say,0
low,Newcastle,Technology,female,0
low,Newcastle,Technology,male,0
low,Newcastle,Technology,non_binary,0
low,Newcastle,Technology,prefer_not_to_say,0
low,Perth,Advertising,female,0
low,Perth,Advertising,male,0
low,Perth,Advertising,non_binary,0
low,Perth,Advertising,prefer_not_to_say,0
low,Perth,Consulting,female,0
low,Perth,Consulting,male,0
low,Perth,Consulting,non_binary,0
low,Perth,Consulting,prefer_not_to_say,0
low,Perth,Education,male,0
low,Perth,Education,non_binary,0
low,Perth,Fashion,female,0
low,Perth,Fashion,male,0
low,Perth,Fashion,non_binary,0
low,Perth,Fashion,prefer_not_to_say,0
low,Perth,Finance,female,0
low,Perth,Finance,male,0
low,Perth,Finance,non_binary,0
low,Perth,Finance,prefer_not_to_say,0
low,Perth,Government,female,0
low,Perth,Government,male,0
low,Perth,Government,non_binary,0
low,Perth,Government,prefer_not_to_say,0
low,Perth,Healthcare,female,0
low,Perth,Healthcare,male,0
low,Perth,Healthcare,non_binary,0
low,Perth,Healthcare,prefer_not_to_say,0
low,Perth,Hospitality,female,0
low,Perth,Hospitality,male,0
low,Perth,Hospitality,non_binary,0
low,Perth,Hospitality,prefer_not_to_say,0
low,Perth,Legal,female,0
low,Perth,Legal,male,0
low,Perth,Legal,non_binary,0
low,Perth,Legal,prefer_not_to_say,0
low,Perth,Marketing,female,0
low,Perth,Marketing,non_binary,0
low,Perth,Marketing,prefer_not_to_say,0
low,Perth,Media,female,0
low,Perth,Media,male,0
low,Perth,Media,non_binary,0
low,Perth,Media,prefer_not_to_say,0
low,Perth,Nonprofit,female,0
low,Perth,Nonprofit,male,0
low,Perth,Nonprofit,prefer_not_to_say,0
low,Perth,Publishing,female,0
low,Perth,Publishing,male,0
low,Perth,Publishing,non_binary,0
low,Perth,Publishing,prefer_not_to_say,0
low,Perth,Retail,female,0
low,Perth,Retail,male,0
low,Perth,Retail,non_binary,0
low,Perth,Retail,prefer_not_to_say,0
low,Perth,Student,female,0
low,Perth,Student,male,0
low,Perth,Student,non_binary,0
low,Perth,Student,prefer_not_to_say,0
low,Perth,Technology,female,0
low,Perth,Technology,non_binary,0
low,Perth,Technology,prefer_not_to_say,0
low,Singapore,Advertising,female,0
low,Singapore,Advertising,male,0
low,Singapore,Advertising,non_binary,0
low,Singapore,Advertising,prefer_not_to_say,0
low,Singapore,Consulting,male,0
low,Singapore,Consulting,non_binary,0
low,Singapore,Consulting,prefer_not_to_say,0
low,Singapore,Education,male,0
low,Singapore,Education,non_binary,0
low,Singapore,Education,prefer_not_to_say,0
low,Singapore,Fashion,female,0
low,Singapore,Fashion,male,0
low,Singapore,Fashion,non_binary,0
low,Singapore,Finance,female,0
low,Singapore,Finance,male,0
low,Singapore,Finance,non_binary,0
low,Singapore,Finance,prefer_not_to_say,0
low,Singapore,Government,female,0
low,Singapore,Government,male,0
low,Singapore,Government,non_binary,0
low,Singapore,Government,prefer_not_to_say,0
low,Singapore,Healthcare,female,0
low,Singapore,Healthcare,male,0
low,Singapore,Healthcare,non_binary,0
low,Singapore,Healthcare,prefer_not_to_say,0
low,Singapore,Hospitality,female,0
low,Singapore,Hospitality,male,0
low,Singapore,Hospitality,non_binary,0
low,Singapore,Hospitality,prefer_not_to_say,0
low,Singapore,Legal,female,0
low,Singapore,Legal,male,0
low,Singapore,Legal,non_binary,0
low,Singapore,Legal,prefer_not_to_say,0
low,Singapore,Marketing,female,0
low,Singapore,Marketing,male,0
low,Singapore,Marketing,non_binary,0
low,Singapore,Marketing,prefer_not_to_say,0
low,Singapore,Media,female,0
low,Singapore,Media,male,0
low,Singapore,Media,non_binary,0
low,Singapore,Media,prefer_not_to_say,0
low,Singapore,Nonprofit,male,0
low,Singapore,Nonprofit,non_binary,0
low,Singapore,Nonprofit,prefer_not_to_say,0
low,Singapore,Publishing,male,0
low,Singapore,Publishing,non_binary,0
low,Singapore,Publishing,prefer_not_to_say,0
low,Singapore,Retail,female,0
low,Singapore,Retail,male,0
low,Singapore,Retail,non_binary,0
low,Singapore,Retail,prefer_not_to_say,0
low,Singapore,Student,female,0
low,Singapore,Student,male,0
low,Singapore,Student,non_binary,0
low,Singapore,Student,prefer_not_to_say,0
low,Singapore,Technology,male,0
low,Singapore,Technology,non_binary,0
low,Singapore,Technology,prefer_not_to_say,0
low,Sydney,Advertising,female,0
low,Sydney,Advertising,male,0
low,Sydney,Advertising,non_binary,0
low,Sydney,Consulting,female,0
low,Sydney,Consulting,male,0
low,Sydney,Consulting,non_binary,0
low,Sydney,Consulting,prefer_not_to_say,0
low,Sydney,Education,female,0
low,Sydney,Education,male,0
low,Sydney,Education,non_binary,0
low,Sydney,Education,prefer_not_to_say,0
low,Sydney,Fashion,female,0
low,Sydney,Fashion,male,0
low,Sydney,Fashion,non_binary,0
low,Sydney,Fashion,prefer_not_to_say,0
low,Sydney,Finance,female,0
low,Sydney,Finance,male,0
low,Sydney,Finance,non_binary,0
low,Sydney,Finance,prefer_not_to_say,0
low,Sydney,Government,male,0
low,Sydney,Government,non_binary,0
low,Sydney,Government,prefer_not_to_say,0
low,Sydney,Healthcare,female,0
low,Sydney,Healthcare,male,0
low,Sydney,Healthcare,non_binary,0
low,Sydney,Healthcare,prefer_not_to_say,0
low,Sydney,Hospitality,female,0
low,Sydney,Hospitality,male,0
low,Sydney,Hospitality,non_binary,0
low,Sydney,Hospitality,prefer_not_to_say,0
low,Sydney,Legal,female,0
low,Sydney,Legal,male,0
low,Sydney,Legal,non_binary,0
low,Sydney,Legal,prefer_not_to_say,0
low,Sydney,Marketing,female,0
low,Sydney,Marketing,male,0
low,Sydney,Marketing,non_binary,0
low,Sydney,Marketing,prefer_not_to_say,0
low,Sydney,Media,female,0
low,Sydney,Media,male,0
low,Sydney,Media,prefer_not_to_say,0
low,Sydney,Nonprofit,female,0
low,Sydney,Nonprofit,male,0
low,Sydney,Nonprofit,non_binary,0
low,Sydney,Nonprofit,prefer_not_to_say,0
low,Sydney,Publishing,female,0
low,Sydney,Publishing,male,0
low,Sydney,Publishing,non_binary,0
low,Sydney,Publishing,prefer_not_to_say,0
low,Sydney,Retail,male,0
low,Sydney,Retail,non_binary,0
low,Sydney,Retail,prefer_not_to_say,0
low,Sydney,Student,female,0
low,Sydney,Student,male,0
low,Sydney,Student,non_binary,0
low,Sydney,Student,prefer_not_to_say,0
low,Sydney,Technology,female,0
low,Sydney,Technology,male,0
low,Sydney,Technology,non_binary,0
low,Sydney,Technology,prefer_not_to_say,0
low,Wellington,Advertising,female,0
low,Wellington,Advertising,male,0
low,Wellington,Advertising,non_binary,0
low,Wellington,Advertising,prefer_not_to_say,0
low,Wellington,Consulting,male,0
low,Wellington,Consulting,non_binary,0
low,Wellington,Education,female,0
low,Wellington,Education,non_binary,0
low,Wellington,Education,prefer_not_to_say,0
low,Wellington,Fashion,female,0
low,Wellington,Fashion,male,0
low,Wellington,Fashion,non_binary,0
low,Wellington,Fashion,prefer_not_to_say,0
low,Wellington,Finance,female,0
low,Wellington,Finance,male,0
low,Wellington,Finance,non_binary,0
low,Wellington,Finance,prefer_not_to_say,0
low,Wellington,Government,female,0
low,Wellington,Government,male,0
low,Wellington,Government,non_binary,0
low,Wellington,Government,prefer_not_to_say,0
low,Wellington,Healthcare,female,0
low,Wellington,Healthcare,male,0
low,Wellington,Healthcare,non_binary,0
low,Wellington,Healthcare,prefer_not_to_say,0
low,Wellington,Hospitality,female,0
low,Wellington,Hospitality,male,0
low,Wellington,Hospitality,non_binary,0
low,Wellington,Hospitality,prefer_not_to_say,0
low,Wellington,Legal,female,0
low,Wellington,Legal,male,0
low,Wellington,Legal,non_binary,0
low,Wellington,Legal,prefer_not_to_say,0
low,Wellington,Marketing,female,0
low,Wellington,Marketing,male,0
low,Wellington,Marketing,non_binary,0
low,Wellington,Marketing,prefer_not_to_say,0
low,Wellington,Media,male,0
low,Wellington,Media,non_binary,0
low,Wellington,Media,prefer_not_to_say,0
low,Wellington,Nonprofit,female,0
low,Wellington,Nonprofit,male,0
low,Wellington,Nonprofit,non_binary,0
low,Wellington,Nonprofit,prefer_not_to_say,0
low,Wellington,Publishing,female,0
low,Wellington,Publishing,male,0
low,Wellington,Publishing,non_binary,0
low,Wellington,Publishing,prefer_not_to_say,0
low,Wellington,Retail,male,0
low,Wellington,Retail,non_binary,0
low,Wellington,Retail,prefer_not_to_say,0
low,Wellington,Student,female,0
low,Wellington,Student,male,0
low,Wellington,Student,non_binary,0
low,Wellington,Student,prefer_not_to_say,0
low,Wellington,Technology,female,0
low,Wellington,Technology,male,0
low,Wellington,Technology,non_binary,0
low,Wellington,Technology,prefer_not_to_say,0
medium,Gold Coast,Student,female,2
medium,Manchester,Technology,female,2
medium,Perth,Publishing,female,2
medium,Singapore,Media,male,2
medium,Adelaide,Healthcare,female,1
medium,Adelaide,Marketing,female,1
medium,Adelaide,Student,male,1
medium,Adelaide,Technology,male,1
medium,Auckland,Education,female,1
medium,Auckland,Finance,male,1
medium,Auckland,Marketing,female,1
medium,Auckland,Media,prefer_not_to_say,1
medium,Auckland,Publishing,female,1
medium,Auckland,Retail,prefer_not_to_say,1
medium,Auckland,Technology,female,1
medium,Brisbane,Finance,prefer_not_to_say,1
medium,Brisbane,Retail,female,1
medium,Bristol,Finance,prefer_not_to_say,1
medium,Bristol,Legal,female,1
medium,Bristol,Marketing,female,1
medium,Bristol,Student,female,1
medium,Bristol,Technology,female,1
medium,Canberra,Education,female,1
medium,Canberra,Hospitality,non_binary,1
medium,Christchurch,Advertising,female,1
medium,Christchurch,Education,male,1
medium,Christchurch,Marketing,prefer_not_to_say,1
medium,Christchurch,Media,female,1
medium,Gold Coast,Healthcare,female,1
medium,Hobart,Government,male,1
medium,Hobart,Marketing,female,1
medium,Hobart,Marketing,non_binary,1
medium,Hobart,Retail,non_binary,1
medium,London,Education,male,1
medium,London,Healthcare,non_binary,1
medium,London,Marketing,female,1
medium,London,Student,female,1
medium,Manchester,Fashion,prefer_not_to_say,1
medium,Manchester,Finance,female,1
medium,Manchester,Finance,prefer_not_to_say,1
medium,Manchester,Publishing,female,1
medium,Manchester,Student,male,1
medium,Melbourne,Marketing,female,1
medium,Melbourne,Student,female,1
medium,Newcastle,Fashion,female,1
medium,Newcastle,Finance,female,1
medium,Newcastle,Retail,non_binary,1
medium,Perth,Finance,female,1
medium,Perth,Legal,prefer_not_to_say,1
medium,Perth,Retail,female,1
medium,Singapore,Education,female,1
medium,Singapore,Technology,male,1
medium,Sydney,Consulting,female,1
medium,Sydney,Government,male,1
medium,Sydney,Healthcare,female,1
medium,Sydney,Hospitality,female,1
medium,Sydney,Legal,female,1
medium,Sydney,Marketing,prefer_not_to_say,1
medium,Sydney,Publishing,female,1
medium,Wellington,Media,female,1
medium,Wellington,Media,non_binary,1
medium,Wellington,Technology,male,1
medium,Adelaide,Advertising,female,0
medium,Adelaide,Advertising,male,0
medium,Adelaide,Advertising,non_binary,0
medium,Adelaide,Advertising,prefer_not_to_say,0
medium,Adelaide,Consulting,female,0
medium,Adelaide,Consulting,male,0
medium,Adelaide,Consulting,non_binary,0
medium,Adelaide,Consulting,prefer_not_to_say,0
medium,Adelaide,Education,female,0
medium,Adelaide,Education,male,0
medium,Adelaide,Education,non_binary,0
medium,Adelaide,Education,prefer_not_to_say,0
medium,Adelaide,Fashion,female,0
medium,Adelaide,Fashion,male,0
medium,Adelaide,Fashion,non_binary,0
medium,Adelaide,Fashion,prefer_not_to_say,0
medium,Adelaide,Finance,female,0
medium,Adelaide,Finance,male,0
medium,Adelaide,Finance,non_binary,0
medium,Adelaide,Finance,prefer_not_to_say,0
medium,Adelaide,Government,female,0
medium,Adelaide,Government,male,0
medium,Adelaide,Government,non_binary,0
medium,Adelaide,Government,prefer_not_to_say,0
medium,Adelaide,Healthcare,male,0
medium,Adelaide,Healthcare,non_binary,0
medium,Adelaide,Healthcare,prefer_not_to_say,0
medium,Adelaide,Hospitality,female,0
medium,Adelaide,Hospitality,male,0
medium,Adelaide,Hospitality,non_binary,0
medium,Adelaide,Hospitality,prefer_not_to_say,0
medium,Adelaide,Legal,female,0
medium,Adelaide,Legal,male,0
medium,Adelaide,Legal,non_binary,0
medium,Adelaide,Legal,prefer_not_to_say,0
medium,Adelaide,Marketing,male,0
medium,Adelaide,Marketing,non_binary,0
medium,Adelaide,Marketing,prefer_not_to_say,0
medium,Adelaide,Media,female,0
medium,Adelaide,Media,male,0
medium,Adelaide,Media,non_binary,0
medium,Adelaide,Media,prefer_not_to_say,0
medium,Adelaide,Nonprofit,female,0
medium,Adelaide,Nonprofit,male,0
medium,Adelaide,Nonprofit,non_binary,0
medium,Adelaide,Nonprofit,prefer_not_to_say,0
medium,Adelaide,Publishing,female,0
medium,Adelaide,Publishing,male,0
medium,Adelaide,Publishing,non_binary,0
medium,Adelaide,Publishing,prefer_not_to_say,0
medium,Adelaide,Retail,female,0
medium,Adelaide,Retail,male,0
medium,Adelaide,Retail,non_binary,0
medium,Adelaide,Retail,prefer_not_to_say,0
medium,Adelaide,Student,female,0
medium,Adelaide,Student,non_binary,0
medium,Adelaide,Student,prefer_not_to_say,0
medium,Adelaide,Technology,female,0
medium,Adelaide,Technology,non_binary,0
medium,Adelaide,Technology,prefer_not_to_say,0
medium,Auckland,Advertising,female,0
medium,Auckland,Advertising,male,0
medium,Auckland,Advertising,non_binary,0
medium,Auckland,Advertising,prefer_not_to_say,0
medium,Auckland,Consulting,female,0
medium,Auckland,Consulting,male,0
medium,Auckland,Consulting,non_binary,0
medium,Auckland,Consulting,prefer_not_to_say,0
medium,Auckland,Education,male,0
medium,Auckland,Education,non_binary,0
medium,Auckland,Education,prefer_not_to_say,0
medium,Auckland,Fashion,female,0
medium,Auckland,Fashion,male,0
medium,Auckland,Fashion,non_binary,0
medium,Auckland,Fashion,prefer_not_to_say,0
medium,Auckland,Finance,female,0
medium,Auckland,Finance,non_binary,0
medium,Auckland,Finance,prefer_not_to_say,0
medium,Auckland,Government,female,0
medium,Auckland,Government,male,0
medium,Auckland,Government,non_binary,0
medium,Auckland,Government,prefer_not_to_say,0
medium,Auckland,Healthcare,female,0
medium,Auckland,Healthcare,male,0
medium,Auckland,Healthcare,non_binary,0
medium,Auckland,Healthcare,prefer_not_to_say,0
medium,Auckland,Hospitality,female,0
medium,Auckland,Hospitality,male,0
medium,Auckland,Hospitality,non_binary,0
medium,Auckland,Hospitality,prefer_not_to_say,0
medium,Auckland,Legal,female,0
medium,Auckland,Legal,male,0
medium,Auckland,Legal,non_binary,0
medium,Auckland,Legal,prefer_not_to_say,0
medium,Auckland,Marketing,male,0
medium,Auckland,Marketing,non_binary,0
medium,Auckland,Marketing,prefer_not_to_say,0
medium,Auckland,Media,female,0
medium,Auckland,Media,male,0
medium,Auckland,Media,non_binary,0
medium,Auckland,Nonprofit,female,0
medium,Auckland,Nonprofit,male,0
medium,Auckland,Nonprofit,non_binary,0
medium,Auckland,Nonprofit,prefer_not_to_say,0
medium,Auckland,Publishing,male,0
medium,Auckland,Publishing,non_binary,0
medium,Auckland,Publishing,prefer_not_to_say,0
medium,Auckland,Retail,female,0
medium,Auckland,Retail,male,0
medium,Auckland,Retail,non_binary,0
medium,Auckland,Student,female,0
medium,Auckland,Student,male,0
medium,Auckland,Student,non_binary,0
medium,Auckland,Student,prefer_not_to_say,0
medium,Auckland,Technology,male,0
medium,Auckland,Technology,non_binary,0
medium,Auckland,Technology,prefer_not_to_say,0
medium,Brisbane,Advertising,female,0
medium,Brisbane,Advertising,male,0
medium,Brisbane,Advertising,non_binary,0
medium,Brisbane,Advertising,prefer_not_to_say,0
medium,Brisbane,Consulting,female,0
medium,Brisbane,Consulting,male,0
medium,Brisbane,Consulting,non_binary,0
medium,Brisbane,Consulting,prefer_not_to_say,0
medium,Brisbane,Education,female,0
medium,Brisbane,Education,male,0
medium,Brisbane,Education,non_binary,0
medium,Brisbane,Education,prefer_not_to_say,0
medium,Brisbane,Fashion,female,0
medium,Brisbane,Fashion,male,0
medium,Brisbane,Fashion,non_binary,0
medium,Brisbane,Fashion,prefer_not_to_say,0
medium,Brisbane,Finance,female,0
medium,Brisbane,Finance,male,0
medium,Brisbane,Finance,non_binary,0
medium,Brisbane,Government,female,0
medium,Brisbane,Government,male,0
medium,Brisbane,Government,non_binary,0
medium,Brisbane,Government,prefer_not_to_say,0
medium,Brisbane,Healthcare,female,0
medium,Brisbane,Healthcare,male,0
medium,Brisbane,Healthcare,non_binary,0
medium,Brisbane,Healthcare,prefer_not_to_say,0
medium,Brisbane,Hospitality,female,0
medium,Brisbane,Hospitality,male,0
medium,Brisbane,Hospitality,non_binary,0
medium,Brisbane,Hospitality,prefer_not_to_say,0
medium,Brisbane,Legal,female,0
medium,Brisbane,Legal,male,0
medium,Brisbane,Legal,non_binary,0
medium,Brisbane,Legal,prefer_not_to_say,0
medium,Brisbane,Marketing,female,0
medium,Brisbane,Marketing,male,0
medium,Brisbane,Marketing,non_binary,0
medium,Brisbane,Marketing,prefer_not_to_say,0
medium,Brisbane,Media,female,0
medium,Brisbane,Media,male,0
medium,Brisbane,Media,non_binary,0
medium,Brisbane,Media,prefer_not_to_say,0
medium,Brisbane,Nonprofit,female,0
medium,Brisbane,Nonprofit,male,0
medium,Brisbane,Nonprofit,non_binary,0
medium,Brisbane,Nonprofit,prefer_not_to_say,0
medium,Brisbane,Publishing,female,0
medium,Brisbane,Publishing,male,0
medium,Brisbane,Publishing,non_binary,0
medium,Brisbane,Publishing,prefer_not_to_say,0
medium,Brisbane,Retail,male,0
medium,Brisbane,Retail,non_binary,0
medium,Brisbane,Retail,prefer_not_to_say,0
medium,Brisbane,Student,female,0
medium,Brisbane,Student,male,0
medium,Brisbane,Student,non_binary,0
medium,Brisbane,Student,prefer_not_to_say,0
medium,Brisbane,Technology,female,0
medium,Brisbane,Technology,male,0
medium,Brisbane,Technology,non_binary,0
medium,Brisbane,Technology,prefer_not_to_say,0
medium,Bristol,Advertising,female,0
medium,Bristol,Advertising,male,0
medium,Bristol,Advertising,non_binary,0
medium,Bristol,Advertising,prefer_not_to_say,0
medium,Bristol,Consulting,female,0
medium,Bristol,Consulting,male,0
medium,Bristol,Consulting,non_binary,0
medium,Bristol,Consulting,prefer_not_to_say,0
medium,Bristol,Education,female,0
medium,Bristol,Education,male,0
medium,Bristol,Education,non_binary,0
medium,Bristol,Education,prefer_not_to_say,0
medium,Bristol,Fashion,female,0
medium,Bristol,Fashion,male,0
medium,Bristol,Fashion,non_binary,0
medium,Bristol,Fashion,prefer_not_to_say,0
medium,Bristol,Finance,female,0
medium,Bristol,Finance,male,0
medium,Bristol,Finance,non_binary,0
medium,Bristol,Government,female,0
medium,Bristol,Government,male,0
medium,Bristol,Government,non_binary,0
medium,Bristol,Government,prefer_not_to_say,0
medium,Bristol,Healthcare,female,0
medium,Bristol,Healthcare,male,0
medium,Bristol,Healthcare,non_binary,0
medium,Bristol,Healthcare,prefer_not_to_say,0
medium,Bristol,Hospitality,female,0
medium,Bristol,Hospitality,male,0
medium,Bristol,Hospitality,non_binary,0
medium,Bristol,Hospitality,prefer_not_to_say,0
medium,Bristol,Legal,male,0
medium,Bristol,Legal,non_binary,0
medium,Bristol,Legal,prefer_not_to_say,0
medium,Bristol,Marketing,male,0
medium,Bristol,Marketing,non_binary,0
medium,Bristol,Marketing,prefer_not_to_say,0
medium,Bristol,Media,female,0
medium,Bristol,Media,male,0
medium,Bristol,Media,non_binary,0
medium,Bristol,Media,prefer_not_to_say,0
medium,Bristol,Nonprofit,female,0
medium,Bristol,Nonprofit,male,0
medium,Bristol,Nonprofit,non_binary,0
medium,Bristol,Nonprofit,prefer_not_to_say,0
medium,Bristol,Publishing,female,0
medium,Bristol,Publishing,male,0
medium,Bristol,Publishing,non_binary,0
medium,Bristol,Publishing,prefer_not_to_say,0
medium,Bristol,Retail,female,0
medium,Bristol,Retail,male,0
medium,Bristol,Retail,non_binary,0
medium,Bristol,Retail,prefer_not_to_say,0
medium,Bristol,Student,male,0
medium,Bristol,Student,non_binary,0
medium,Bristol,Student,prefer_not_to_say,0
medium,Bristol,Technology,male,0
medium,Bristol,Technology,non_binary,0
medium,Bristol,Technology,prefer_not_to_say,0
medium,Canberra,Advertising,female,0
medium,Canberra,Advertising,male,0
medium,Canberra,Advertising,non_binary,0
medium,Canberra,Advertising,prefer_not_to_say,0
medium,Canberra,Consulting,female,0
medium,Canberra,Consulting,male,0
medium,Canberra,Consulting,non_binary,0
medium,Canberra,Consulting,prefer_not_to_say,0
medium,Canberra,Education,male,0
medium,Canberra,Education,non_binary,0
medium,Canberra,Education,prefer_not_to_say,0
medium,Canberra,Fashion,female,0
medium,Canberra,Fashion,male,0
medium,Canberra,Fashion,non_binary,0
medium,Canberra,Fashion,prefer_not_to_say,0
medium,Canberra,Finance,female,0
medium,Canberra,Finance,male,0
medium,Canberra,Finance,non_binary,0
medium,Canberra,Finance,prefer_not_to_say,0
medium,Canberra,Government,female,0
medium,Canberra,Government,male,0
medium,Canberra,Government,non_binary,0
medium,Canberra,Government,prefer_not_to_say,0
medium,Canberra,Healthcare,female,0
medium,Canberra,Healthcare,male,0
medium,Canberra,Healthcare,non_binary,0
medium,Canberra,Healthcare,prefer_not_to_say,0
medium,Canberra,Hospitality,female,0
medium,Canberra,Hospitality,male,0
medium,Canberra,Hospitality,prefer_not_to_say,0
medium,Canberra,Legal,female,0
medium,Canberra,Legal,male,0
medium,Canberra,Legal,non_binary,0
medium,Canberra,Legal,prefer_not_to_say,0
medium,Canberra,Marketing,female,0
medium,Canberra,Marketing,male,0
medium,Canberra,Marketing,non_binary,0
medium,Canberra,Marketing,prefer_not_to_say,0
medium,Canberra,Media,female,0
medium,Canberra,Media,male,0
medium,Canberra,Media,non_binary,0
medium,Canberra,Media,prefer_not_to_say,0
medium,Canberra,Nonprofit,female,0
medium,Canberra,Nonprofit,male,0
medium,Canberra,Nonprofit,non_binary,0
medium,Canberra,Nonprofit,prefer_not_to_say,0
medium,Canberra,Publishing,female,0
medium,Canberra,Publishing,male,0
medium,Canberra,Publishing,non_binary,0
medium,Canberra,Publishing,prefer_not_to_say,0
medium,Canberra,Retail,female,0
medium,Canberra,Retail,male,0
medium,Canberra,Retail,non_binary,0
medium,Canberra,Retail,prefer_not_to_say,0
medium,Canberra,Student,female,0
medium,Canberra,Student,male,0
medium,Canberra,Student,non_binary,0
medium,Canberra,Student,prefer_not_to_say,0
medium,Canberra,Technology,female,0
medium,Canberra,Technology,male,0
medium,Canberra,Technology,non_binary,0
medium,Canberra,Technology,prefer_not_to_say,0
medium,Christchurch,Advertising,male,0
medium,Christchurch,Advertising,non_binary,0
medium,Christchurch,Advertising,prefer_not_to_say,0
medium,Christchurch,Consulting,female,0
medium,Christchurch,Consulting,male,0
medium,Christchurch,Consulting,non_binary,0
medium,Christchurch,Consulting,prefer_not_to_say,0
medium,Christchurch,Education,female,0
medium,Christchurch,Education,non_binary,0
medium,Christchurch,Education,prefer_not_to_say,0
medium,Christchurch,Fashion,female,0
medium,Christchurch,Fashion,male,0
medium,Christchurch,Fashion,non_binary,0
medium,Christchurch,Fashion,prefer_not_to_say,0
medium,Christchurch,Finance,female,0
medium,Christchurch,Finance,male,0
medium,Christchurch,Finance,non_binary,0
medium,Christchurch,Finance,prefer_not_to_say,0
medium,Christchurch,Government,female,0
medium,Christchurch,Government,male,0
medium,Christchurch,Government,non_binary,0
medium,Christchurch,Government,prefer_not_to_say,0
medium,Christchurch,Healthcare,female,0
medium,Christchurch,Healthcare,male,0
medium,Christchurch,Healthcare,non_binary,0
medium,Christchurch,Healthcare,prefer_not_to_say,0
medium,Christchurch,Hospitality,female,0
medium,Christchurch,Hospitality,male,0
medium,Christchurch,Hospitality,non_binary,0
medium,Christchurch,Hospitality,prefer_not_to_say,0
medium,Christchurch,Legal,female,0
medium,Christchurch,Legal,male,0
medium,Christchurch,Legal,non_binary,0
medium,Christchurch,Legal,prefer_not_to_say,0
medium,Christchurch,Marketing,female,0
medium,Christchurch,Marketing,male,0
medium,Christchurch,Marketing,non_binary,0
medium,Christchurch,Media,male,0
medium,Christchurch,Media,non_binary,0
medium,Christchurch,Media,prefer_not_to_say,0
medium,Christchurch,Nonprofit,female,0
medium,Christchurch,Nonprofit,male,0
medium,Christchurch,Nonprofit,non_binary,0
medium,Christchurch,Nonprofit,prefer_not_to_say,0
medium,Christchurch,Publishing,female,0
medium,Christchurch,Publishing,male,0
medium,Christchurch,Publishing,non_binary,0
medium,Christchurch,Publishing,prefer_not_to_say,0
medium,Christchurch,Retail,female,0
medium,Christchurch,Retail,male,0
medium,Christchurch,Retail,non_binary,0
medium,Christchurch,Retail,prefer_not_to_say,0
medium,Christchurch,Student,female,0
medium,Christchurch,Student,male,0
medium,Christchurch,Student,non_binary,0
medium,Christchurch,Student,prefer_not_to_say,0
medium,Christchurch,Technology,female,0
medium,Christchurch,Technology,male,0
medium,Christchurch,Technology,non_binary,0
medium,Christchurch,Technology,prefer_not_to_say,0
medium,Gold Coast,Advertising,female,0
medium,Gold Coast,Advertising,male,0
medium,Gold Coast,Advertising,non_binary,0
medium,Gold Coast,Advertising,prefer_not_to_say,0
medium,Gold Coast,Consulting,female,0
medium,Gold Coast,Consulting,male,0
medium,Gold Coast,Consulting,non_binary,0
medium,Gold Coast,Consulting,prefer_not_to_say,0
medium,Gold Coast,Education,female,0
medium,Gold Coast,Education,male,0
medium,Gold Coast,Education,non_binary,0
medium,Gold Coast,Education,prefer_not_to_say,0
medium,Gold Coast,Fashion,female,0
medium,Gold Coast,Fashion,male,0
medium,Gold Coast,Fashion,non_binary,0
medium,Gold Coast,Fashion,prefer_not_to_say,0
medium,Gold Coast,Finance,female,0
medium,Gold Coast,Finance,male,0
medium,Gold Coast,Finance,non_binary,0
medium,Gold Coast,Finance,prefer_not_to_say,0
medium,Gold Coast,Government,female,0
medium,Gold Coast,Government,male,0
medium,Gold Coast,Government,non_binary,0
medium,Gold Coast,Government,prefer_not_to_say,0
medium,Gold Coast,Healthcare,male,0
medium,Gold Coast,Healthcare,non_binary,0
medium,Gold Coast,Healthcare,prefer_not_to_say,0
medium,Gold Coast,Hospitality,female,0
medium,Gold Coast,Hospitality,male,0
medium,Gold Coast,Hospitality,non_binary,0
medium,Gold Coast,Hospitality,prefer_not_to_say,0
medium,Gold Coast,Legal,female,0
medium,Gold Coast,Legal,male,0
medium,Gold Coast,Legal,non_binary,0
medium,Gold Coast,Legal,prefer_not_to_say,0
medium,Gold Coast,Marketing,female,0
medium,Gold Coast,Marketing,male,0
medium,Gold Coast,Marketing,non_binary,0
medium,Gold Coast,Marketing,prefer_not_to_say,0
medium,Gold Coast,Media,female,0
medium,Gold Coast,Media,male,0
medium,Gold Coast,Media,non_binary,0
medium,Gold Coast,Media,prefer_not_to_say,0
medium,Gold Coast,Nonprofit,female,0
medium,Gold Coast,Nonprofit,male,0
medium,Gold Coast,Nonprofit,non_binary,0
medium,Gold Coast,Nonprofit,prefer_not_to_say,0
medium,Gold Coast,Publishing,female,0
medium,Gold Coast,Publishing,male,0
medium,Gold Coast,Publishing,non_binary,0
medium,Gold Coast,Publishing,prefer_not_to_say,0
medium,Gold Coast,Retail,female,0
medium,Gold Coast,Retail,male,0
medium,Gold Coast,Retail,non_binary,0
medium,Gold Coast,Retail,prefer_not_to_say,0
medium,Gold Coast,Student,male,0
medium,Gold Coast,Student,non_binary,0
medium,Gold Coast,Student,prefer_not_to_say,0
medium,Gold Coast,Technology,female,0
medium,Gold Coast,Technology,male,0
medium,Gold Coast,Technology,non_binary,0
medium,Gold Coast,Technology,prefer_not_to_say,0
medium,Hobart,Advertising,female,0
medium,Hobart,Advertising,male,0
medium,Hobart,Advertising,non_binary,0
medium,Hobart,Advertising,prefer_not_to_say,0
medium,Hobart,Consulting,female,0
medium,Hobart,Consulting,male,0
medium,Hobart,Consulting,non_binary,0
medium,Hobart,Consulting,prefer_not_to_say,0
medium,Hobart,Education,female,0
medium,Hobart,Education,male,0
medium,Hobart,Education,non_binary,0
medium,Hobart,Education,prefer_not_to_say,0
medium,Hobart,Fashion,female,0
medium,Hobart,Fashion,male,0
medium,Hobart,Fashion,non_binary,0
medium,Hobart,Fashion,prefer_not_to_say,0
medium,Hobart,Finance,female,0
medium,Hobart,Finance,male,0
medium,Hobart,Finance,non_binary,0
medium,Hobart,Finance,prefer_not_to_say,0
medium,Hobart,Government,female,0
medium,Hobart,Government,non_binary,0
medium,Hobart,Government,prefer_not_to_say,0
medium,Hobart,Healthcare,female,0
medium,Hobart,Healthcare,male,0
medium,Hobart,Healthcare,non_binary,0
medium,Hobart,Healthcare,prefer_not_to_say,0
medium,Hobart,Hospitality,female,0
medium,Hobart,Hospitality,male,0
medium,Hobart,Hospitality,non_binary,0
medium,Hobart,Hospitality,prefer_not_to_say,0
medium,Hobart,Legal,female,0
medium,Hobart,Legal,male,0
medium,Hobart,Legal,non_binary,0
medium,Hobart,Legal,prefer_not_to_say,0
medium,Hobart,Marketing,male,0
medium,Hobart,Marketing,prefer_not_to_say,0
medium,Hobart,Media,female,0
medium,Hobart,Media,male,0
medium,Hobart,Media,non_binary,0
medium,Hobart,Media,prefer_not_to_say,0
medium,Hobart,Nonprofit,female,0
medium,Hobart,Nonprofit,male,0
medium,Hobart,Nonprofit,non_binary,0
medium,Hobart,Nonprofit,prefer_not_to_say,0
medium,Hobart,Publishing,female,0
medium,Hobart,Publishing,male,0
medium,Hobart,Publishing,non_binary,0
medium,Hobart,Publishing,prefer_not_to_say,0
medium,Hobart,Retail,female,0
medium,Hobart,Retail,male,0
medium,Hobart,Retail,prefer_not_to_say,0
medium,Hobart,Student,female,0
medium,Hobart,Student,male,0
medium,Hobart,Student,non_binary,0
medium,Hobart,Student,prefer_not_to_say,0
medium,Hobart,Technology,female,0
medium,Hobart,Technology,male,0
medium,Hobart,Technology,non_binary,0
medium,Hobart,Technology,prefer_not_to_say,0
medium,London,Advertising,female,0
medium,London,Advertising,male,0
medium,London,Advertising,non_binary,0
medium,London,Advertising,prefer_not_to_say,0
medium,London,Consulting,female,0
medium,London,Consulting,male,0
medium,London,Consulting,non_binary,0
medium,London,Consulting,prefer_not_to_say,0
medium,London,Education,female,0
medium,London,Education,non_binary,0
medium,London,Education,prefer_not_to_say,0
medium,London,Fashion,female,0
medium,London,Fashion,male,0
medium,London,Fashion,non_binary,0
medium,London,Fashion,prefer_not_to_say,0
medium,London,Finance,female,0
medium,London,Finance,male,0
medium,London,Finance,non_binary,0
medium,London,Finance,prefer_not_to_say,0
medium,London,Government,female,0
medium,London,Government,male,0
medium,London,Government,non_binary,0
medium,London,Government,prefer_not_to_say,0
medium,London,Healthcare,female,0
medium,London,Healthcare,male,0
medium,London,Healthcare,prefer_not_to_say,0
medium,London,Hospitality,female,0
medium,London,Hospitality,male,0
medium,London,Hospitality,non_binary,0
medium,London,Hospitality,prefer_not_to_say,0
medium,London,Legal,female,0
medium,London,Legal,male,0
medium,London,Legal,non_binary,0
medium,London,Legal,prefer_not_to_say,0
medium,London,Marketing,male,0
medium,London,Marketing,non_binary,0
medium,London,Marketing,prefer_not_to_say,0
medium,London,Media,female,0
medium,London,Media,male,0
medium,London,Media,non_binary,0
medium,London,Media,prefer_not_to_say,0
medium,London,Nonprofit,female,0
medium,London,Nonprofit,male,0
medium,London,Nonprofit,non_binary,0
medium,London,Nonprofit,prefer_not_to_say,0
medium,London,Publishing,female,0
medium,London,Publishing,male,0
medium,London,Publishing,non_binary,0
medium,London,Publishing,prefer_not_to_say,0
medium,London,Retail,female,0
medium,London,Retail,male,0
medium,London,Retail,non_binary,0
medium,London,Retail,prefer_not_to_say,0
medium,London,Student,male,0
medium,London,Student,non_binary,0
medium,London,Student,prefer_not_to_say,0
medium,London,Technology,female,0
medium,London,Technology,male,0
medium,London,Technology,non_binary,0
medium,London,Technology,prefer_not_to_say,0
medium,Manchester,Advertising,female,0
medium,Manchester,Advertising,male,0
medium,Manchester,Advertising,non_binary,0
medium,Manchester,Advertising,prefer_not_to_say,0
medium,Manchester,Consulting,female,0
medium,Manchester,Consulting,male,0
medium,Manchester,Consulting,non_binary,0
medium,Manchester,Consulting,prefer_not_to_say,0
medium,Manchester,Education,female,0
medium,Manchester,Education,male,0
medium,Manchester,Education,non_binary,0
medium,Manchester,Education,prefer_not_to_say,0
medium,Manchester,Fashion,female,0
medium,Manchester,Fashion,male,0
medium,Manchester,Fashion,non_binary,0
medium,Manchester,Finance,male,0
medium,Manchester,Finance,non_binary,0
medium,Manchester,Government,female,0
medium,Manchester,Government,male,0
medium,Manchester,Government,non_binary,0
medium,Manchester,Government,prefer_not_to_say,0
medium,Manchester,Healthcare,female,0
medium,Manchester,Healthcare,male,0
medium,Manchester,Healthcare,non_binary,0
medium,Manchester,Healthcare,prefer_not_to_say,0
medium,Manchester,Hospitality,female,0
medium,Manchester,Hospitality,male,0
medium,Manchester,Hospitality,non_binary,0
medium,Manchester,Hospitality,prefer_not_to_say,0
medium,Manchester,Legal,female,0
medium,Manchester,Legal,male,0
medium,Manchester,Legal,non_binary,0
medium,Manchester,Legal,prefer_not_to_say,0
medium,Manchester,Marketing,female,0
medium,Manchester,Marketing,male,0
medium,Manchester,Marketing,non_binary,0
medium,Manchester,Marketing,prefer_not_to_say,0
medium,Manchester,Media,female,0
medium,Manchester,Media,male,0
medium,Manchester,Media,non_binary,0
medium,Manchester,Media,prefer_not_to_say,0
medium,Manchester,Nonprofit,female,0
medium,Manchester,Nonprofit,male,0
medium,Manchester,Nonprofit,non_binary,0
medium,Manchester,Nonprofit,prefer_not_to_say,0
medium,Manchester,Publishing,male,0
medium,Manchester,Publishing,non_binary,0
medium,Manchester,Publishing,prefer_not_to_say,0
medium,Manchester,Retail,female,0
medium,Manchester,Retail,male,0
medium,Manchester,Retail,non_binary,0
medium,Manchester,Retail,prefer_not_to_say,0
medium,Manchester,Student,female,0
medium,Manchester,Student,non_binary,0
medium,Manchester,Student,prefer_not_to_say,0
medium,Manchester,Technology,male,0
medium,Manchester,Technology,non_binary,0
medium,Manchester,Technology,prefer_not_to_say,0
medium,Melbourne,Advertising,female,0
medium,Melbourne,Advertising,male,0
medium,Melbourne,Advertising,non_binary,0
medium,Melbourne,Advertising,prefer_not_to_say,0
medium,Melbourne,Consulting,female,0
medium,Melbourne,Consulting,male,0
medium,Melbourne,Consulting,non_binary,0
medium,Melbourne,Consulting,prefer_not_to_say,0
medium,Melbourne,Education,female,0
medium,Melbourne,Education,male,0
medium,Melbourne,Education,non_binary,0
medium,Melbourne,Education,prefer_not_to_say,0
medium,Melbourne,Fashion,female,0
medium,Melbourne,Fashion,male,0
medium,Melbourne,Fashion,non_binary,0
medium,Melbourne,Fashion,prefer_not_to_say,0
medium,Melbourne,Finance,female,0
medium,Melbourne,Finance,male,0
medium,Melbourne,Finance,non_binary,0
medium,Melbourne,Finance,prefer_not_to_say,0
medium,Melbourne,Government,female,0
medium,Melbourne,Government,male,0
medium,Melbourne,Government,non_binary,0
medium,Melbourne,Government,prefer_not_to_say,0
medium,Melbourne,Healthcare,female,0
medium,Melbourne,Healthcare,male,0
medium,Melbourne,Healthcare,non_binary,0
medium,Melbourne,Healthcare,prefer_not_to_say,0
medium,Melbourne,Hospitality,female,0
medium,Melbourne,Hospitality,male,0
medium,Melbourne,Hospitality,non_binary,0
medium,Melbourne,Hospitality,prefer_not_to_say,0
medium,Melbourne,Legal,female,0
medium,Melbourne,Legal,male,0
medium,Melbourne,Legal,non_binary,0
medium,Melbourne,Legal,prefer_not_to_say,0
medium,Melbourne,Marketing,male,0
medium,Melbourne,Marketing,non_binary,0
medium,Melbourne,Marketing,prefer_not_to_say,0
medium,Melbourne,Media,female,0
medium,Melbourne,Media,male,0
medium,Melbourne,Media,non_binary,0
medium,Melbourne,Media,prefer_not_to_say,0
medium,Melbourne,Nonprofit,female,0
medium,Melbourne,Nonprofit,male,0
medium,Melbourne,Nonprofit,non_binary,0
medium,Melbourne,Nonprofit,prefer_not_to_say,0
medium,Melbourne,Publishing,female,0
medium,Melbourne,Publishing,male,0
medium,Melbourne,Publishing,non_binary,0
medium,Melbourne,Publishing,prefer_not_to_say,0
medium,Melbourne,Retail,female,0
medium,Melbourne,Retail,male,0
medium,Melbourne,Retail,non_binary,0
medium,Melbourne,Retail,prefer_not_to_say,0
medium,Melbourne,Student,male,0
medium,Melbourne,Student,non_binary,0
medium,Melbourne,Student,prefer_not_to_say,0
medium,Melbourne,Technology,female,0
medium,Melbourne,Technology,male,0
medium,Melbourne,Technology,non_binary,0
medium,Melbourne,Technology,prefer_not_to_say,0
medium,Newcastle,Advertising,female,0
medium,Newcastle,Advertising,male,0
medium,Newcastle,Advertising,non_binary,0
medium,Newcastle,Advertising,prefer_not_to_say,0
medium,Newcastle,Consulting,female,0
medium,Newcastle,Consulting,male,0
medium,Newcastle,Consulting,non_binary,0
medium,Newcastle,Consulting,prefer_not_to_say,0
medium,Newcastle,Education,female,0
medium,Newcastle,Education,male,0
medium,Newcastle,Education,non_binary,0
medium,Newcastle,Education,prefer_not_to_say,0
medium,Newcastle,Fashion,male,0
medium,Newcastle,Fashion,non_binary,0
medium,Newcastle,Fashion,prefer_not_to_say,0
medium,Newcastle,Finance,male,0
medium,Newcastle,Finance,non_binary,0
medium,Newcastle,Finance,prefer_not_to_say,0
medium,Newcastle,Government,female,0
medium,Newcastle,Government,male,0
medium,Newcastle,Government,non_binary,0
medium,Newcastle,Government,prefer_not_to_say,0
medium,Newcastle,Healthcare,female,0
medium,Newcastle,Healthcare,male,0
medium,Newcastle,Healthcare,non_binary,0
medium,Newcastle,Healthcare,prefer_not_to_say,0
medium,Newcastle,Hospitality,female,0
medium,Newcastle,Hospitality,male,0
medium,Newcastle,Hospitality,non_binary,0
medium,Newcastle,Hospitality,prefer_not_to_say,0
medium,Newcastle,Legal,female,0
medium,Newcastle,Legal,male,0
medium,Newcastle,Legal,non_binary,0
medium,Newcastle,Legal,prefer_not_to_say,0
medium,Newcastle,Marketing,female,0
medium,Newcastle,Marketing,male,0
medium,Newcastle,Marketing,non_binary,0
medium,Newcastle,Marketing,prefer_not_to_say,0
medium,Newcastle,Media,female,0
medium,Newcastle,Media,male,0
medium,Newcastle,Media,non_binary,0
medium,Newcastle,Media,prefer_not_to_say,0
medium,Newcastle,Nonprofit,female,0
medium,Newcastle,Nonprofit,male,0
medium,Newcastle,Nonprofit,non_binary,0
medium,Newcastle,Nonprofit,prefer_not_to_say,0
medium,Newcastle,Publishing,female,0
medium,Newcastle,Publishing,male,0
medium,Newcastle,Publishing,non_binary,0
medium,Newcastle,Publishing,prefer_not_to_say,0
medium,Newcastle,Retail,female,0
medium,Newcastle,Retail,male,0
medium,Newcastle,Retail,prefer_not_to_say,0
medium,Newcastle,Student,female,0
medium,Newcastle,Student,male,0
medium,Newcastle,Student,non_binary,0
medium,Newcastle,Student,prefer_not_to_say,0
medium,Newcastle,Technology,female,0
medium,Newcastle,Technology,male,0
medium,Newcastle,Technology,non_binary,0
medium,Newcastle,Technology,prefer_not_to_say,0
medium,Perth,Advertising,female,0
medium,Perth,Advertising,male,0
medium,Perth,Advertising,non_binary,0
medium,Perth,Advertising,prefer_not_to_say,0
medium,Perth,Consulting,female,0
medium,Perth,Consulting,male,0
medium,Perth,Consulting,non_binary,0
medium,Perth,Consulting,prefer_not_to_say,0
medium,Perth,Education,female,0
medium,Perth,Education,male,0
medium,Perth,Education,non_binary,0
medium,Perth,Education,prefer_not_to_say,0
medium,Perth,Fashion,female,0
medium,Perth,Fashion,male,0
medium,Perth,Fashion,non_binary,0
medium,Perth,Fashion,prefer_not_to_say,0
medium,Perth,Finance,male,0
medium,Perth,Finance,non_binary,0
medium,Perth,Finance,prefer_not_to_say,0
medium,Perth,Government,female,0
medium,Perth,Government,male,0
medium,Perth,Government,non_binary,0
medium,Perth,Government,prefer_not_to_say,0
medium,Perth,Healthcare,female,0
medium,Perth,Healthcare,male,0
medium,Perth,Healthcare,non_binary,0
medium,Perth,Healthcare,prefer_not_to_say,0
medium,Perth,Hospitality,female,0
medium,Perth,Hospitality,male,0
medium,Perth,Hospitality,non_binary,0
medium,Perth,Hospitality,prefer_not_to_say,0
medium,Perth,Legal,female,0
medium,Perth,Legal,male,0
medium,Perth,Legal,non_binary,0
medium,Perth,Marketing,female,0
medium,Perth,Marketing,male,0
medium,Perth,Marketing,non_binary,0
medium,Perth,Marketing,prefer_not_to_say,0
medium,Perth,Media,female,0
medium,Perth,Media,male,0
medium,Perth,Media,non_binary,0
medium,Perth,Media,prefer_not_to_say,0
medium,Perth,Nonprofit,female,0
medium,Perth,Nonprofit,male,0
medium,Perth,Nonprofit,non_binary,0
medium,Perth,Nonprofit,prefer_not_to_say,0
medium,Perth,Publishing,male,0
medium,Perth,Publishing,non_binary,0
medium,Perth,Publishing,prefer_not_to_say,0
medium,Perth,Retail,male,0
medium,Perth,Retail,non_binary,0
medium,Perth,Retail,prefer_not_to_say,0
medium,Perth,Student,female,0
medium,Perth,Student,male,0
medium,Perth,Student,non_binary,0
medium,Perth,Student,prefer_not_to_say,0
medium,Perth,Technology,female,0
medium,Perth,Technology,male,0
medium,Perth,Technology,non_binary,0
medium,Perth,Technology,prefer_not_to_say,0
medium,Singapore,Advertising,female,0
medium,Singapore,Advertising,male,0
medium,Singapore,Advertising,non_binary,0
medium,Singapore,Advertising,prefer_not_to_say,0
medium,Singapore,Consulting,female,0
medium,Singapore,Consulting,male,0
medium,Singapore,Consulting,non_binary,0
medium,Singapore,Consulting,prefer_not_to_say,0
medium,Singapore,Education,male,0
medium,Singapore,Education,non_binary,0
medium,Singapore,Education,prefer_not_to_say,0
medium,Singapore,Fashion,female,0
medium,Singapore,Fashion,male,0
medium,Singapore,Fashion,non_binary,0
medium,Singapore,Fashion,prefer_not_to_say,0
medium,Singapore,Finance,female,0
medium,Singapore,Finance,male,0
medium,Singapore,Finance,non_binary,0
medium,Singapore,Finance,prefer_not_to_say,0
medium,Singapore,Government,female,0
medium,Singapore,Government,male,0
medium,Singapore,Government,non_binary,0
medium,Singapore,Government,prefer_not_to_say,0
medium,Singapore,Healthcare,female,0
medium,Singapore,Healthcare,male,0
medium,Singapore,Healthcare,non_binary,0
medium,Singapore,Healthcare,prefer_not_to_say,0
medium,Singapore,Hospitality,female,0
medium,Singapore,Hospitality,male,0
medium,Singapore,Hospitality,non_binary,0
medium,Singapore,Hospitality,prefer_not_to_say,0
medium,Singapore,Legal,female,0
medium,Singapore,Legal,male,0
medium,Singapore,Legal,non_binary,0
medium,Singapore,Legal,prefer_not_to_say,0
medium,Singapore,Marketing,female,0
medium,Singapore,Marketing,male,0
medium,Singapore,Marketing,non_binary,0
medium,Singapore,Marketing,prefer_not_to_say,0
medium,Singapore,Media,female,0
medium,Singapore,Media,non_binary,0
medium,Singapore,Media,prefer_not_to_say,0
medium,Singapore,Nonprofit,female,0
medium,Singapore,Nonprofit,male,0
medium,Singapore,Nonprofit,non_binary,0
medium,Singapore,Nonprofit,prefer_not_to_say,0
medium,Singapore,Publishing,female,0
medium,Singapore,Publishing,male,0
medium,Singapore,Publishing,non_binary,0
medium,Singapore,Publishing,prefer_not_to_say,0
medium,Singapore,Retail,female,0
medium,Singapore,Retail,male,0
medium,Singapore,Retail,non_binary,0
medium,Singapore,Retail,prefer_not_to_say,0
medium,Singapore,Student,female,0
medium,Singapore,Student,male,0
medium,Singapore,Student,non_binary,0
medium,Singapore,Student,prefer_not_to_say,0
medium,Singapore,Technology,female,0
medium,Singapore,Technology,non_binary,0
medium,Singapore,Technology,prefer_not_to_say,0
medium,Sydney,Advertising,female,0
medium,Sydney,Advertising,male,0
medium,Sydney,Advertising,non_binary,0
medium,Sydney,Advertising,prefer_not_to_say,0
medium,Sydney,Consulting,male,0
medium,Sydney,Consulting,non_binary,0
medium,Sydney,Consulting,prefer_not_to_say,0
medium,Sydney,Education,female,0
medium,Sydney,Education,male,0
medium,Sydney,Education,non_binary,0
medium,Sydney,Education,prefer_not_to_say,0
medium,Sydney,Fashion,female,0
medium,Sydney,Fashion,male,0
medium,Sydney,Fashion,non_binary,0
medium,Sydney,Fashion,prefer_not_to_say,0
medium,Sydney,Finance,female,0
medium,Sydney,Finance,male,0
medium,Sydney,Finance,non_binary,0
medium,Sydney,Finance,prefer_not_to_say,0
medium,Sydney,Government,female,0
medium,Sydney,Government,non_binary,0
medium,Sydney,Government,prefer_not_to_say,0
medium,Sydney,Healthcare,male,0
medium,Sydney,Healthcare,non_binary,0
medium,Sydney,Healthcare,prefer_not_to_say,0
medium,Sydney,Hospitality,male,0
medium,Sydney,Hospitality,non_binary,0
medium,Sydney,Hospitality,prefer_not_to_say,0
medium,Sydney,Legal,male,0
medium,Sydney,Legal,non_binary,0
medium,Sydney,Legal,prefer_not_to_say,0
medium,Sydney,Marketing,female,0
medium,Sydney,Marketing,male,0
medium,Sydney,Marketing,non_binary,0
medium,Sydney,Media,female,0
medium,Sydney,Media,male,0
medium,Sydney,Media,non_binary,0
medium,Sydney,Media,prefer_not_to_say,0
medium,Sydney,Nonprofit,female,0
medium,Sydney,Nonprofit,male,0
medium,Sydney,Nonprofit,non_binary,0
medium,Sydney,Nonprofit,prefer_not_to_say,0
medium,Sydney,Publishing,male,0
medium,Sydney,Publishing,non_binary,0
medium,Sydney,Publishing,prefer_not_to_say,0
medium,Sydney,Retail,female,0
medium,Sydney,Retail,male,0
medium,Sydney,Retail,non_binary,0
medium,Sydney,Retail,prefer_not_to_say,0
medium,Sydney,Student,female,0
medium,Sydney,Student,male,0
medium,Sydney,Student,non_binary,0
medium,Sydney,Student,prefer_not_to_say,0
medium,Sydney,Technology,female,0
medium,Sydney,Technology,male,0
medium,Sydney,Technology,non_binary,0
medium,Sydney,Technology,prefer_not_to_say,0
medium,Wellington,Advertising,female,0
medium,Wellington,Advertising,male,0
medium,Wellington,Advertising,non_binary,0
medium,Wellington,Advertising,prefer_not_to_say,0
medium,Wellington,Consulting,female,0
medium,Wellington,Consulting,male,0
medium,Wellington,Consulting,non_binary,0
medium,Wellington,Consulting,prefer_not_to_say,0
medium,Wellington,Education,female,0
medium,Wellington,Education,male,0
medium,Wellington,Education,non_binary,0
medium,Wellington,Education,prefer_not_to_say,0
medium,Wellington,Fashion,female,0
medium,Wellington,Fashion,male,0
medium,Wellington,Fashion,non_binary,0
medium,Wellington,Fashion,prefer_not_to_say,0
medium,Wellington,Finance,female,0
medium,Wellington,Finance,male,0
medium,Wellington,Finance,non_binary,0
medium,Wellington,Finance,prefer_not_to_say,0
medium,Wellington,Government,female,0
medium,Wellington,Government,male,0
medium,Wellington,Government,non_binary,0
medium,Wellington,Government,prefer_not_to_say,0
medium,Wellington,Healthcare,female,0
medium,Wellington,Healthcare,male,0
medium,Wellington,Healthcare,non_binary,0
medium,Wellington,Healthcare,prefer_not_to_say,0
medium,Wellington,Hospitality,female,0
medium,Wellington,Hospitality,male,0
medium,Wellington,Hospitality,non_binary,0
medium,Wellington,Hospitality,prefer_not_to_say,0
medium,Wellington,Legal,female,0
medium,Wellington,Legal,male,0
medium,Wellington,Legal,non_binary,0
medium,Wellington,Legal,prefer_not_to_say,0
medium,Wellington,Marketing,female,0
medium,Wellington,Marketing,male,0
medium,Wellington,Marketing,non_binary,0
medium,Wellington,Marketing,prefer_not_to_say,0
medium,Wellington,Media,male,0
medium,Wellington,Media,prefer_not_to_say,0
medium,Wellington,Nonprofit,female,0
medium,Wellington,Nonprofit,male,0
medium,Wellington,Nonprofit,non_binary,0
medium,Wellington,Nonprofit,prefer_not_to_say,0
medium,Wellington,Publishing,female,0
medium,Wellington,Publishing,male,0
medium,Wellington,Publishing,non_binary,0
medium,Wellington,Publishing,prefer_not_to_say,0
medium,Wellington,Retail,female,0
medium,Wellington,Retail,male,0
medium,Wellington,Retail,non_binary,0
medium,Wellington,Retail,prefer_not_to_say,0
medium,Wellington,Student,female,0
medium,Wellington,Student,male,0
medium,Wellington,Student,non_binary,0
medium,Wellington,Student,prefer_not_to_say,0
medium,Wellington,Technology,female,0
medium,Wellington,Technology,non_binary,0
medium,Wellington,Technology,prefer_not_to_say,0
high,Gold Coast,Healthcare,female,3
high,Auckland,Healthcare,non_binary,2
high,Brisbane,Healthcare,female,2
high,Adelaide,Advertising,female,1
high,Adelaide,Advertising,non_binary,1
high,Adelaide,Healthcare,female,1
high,Adelaide,Media,male,1
high,Adelaide,Publishing,female,1
high,Adelaide,Technology,male,1
high,Auckland,Education,female,1
high,Auckland,Government,female,1
high,Brisbane,Education,female,1
high,Brisbane,Fashion,female,1
high,Brisbane,Hospitality,female,1
high,Brisbane,Technology,female,1
high,Bristol,Fashion,female,1
high,Bristol,Healthcare,female,1
high,Bristol,Nonprofit,male,1
high,Bristol,Technology,male,1
high,Canberra,Education,non_binary,1
high,Canberra,Healthcare,female,1
high,Canberra,Retail,female,1
high,Christchurch,Healthcare,non_binary,1
high,Christchurch,Hospitality,male,1
high,Christchurch,Media,non_binary,1
high,Christchurch,Publishing,female,1
high,Christchurch,Technology,female,1
high,Gold Coast,Student,prefer_not_to_say,1
high,Gold Coast,Technology,prefer_not_to_say,1
high,Hobart,Education,prefer_not_to_say,1
high,Hobart,Media,female,1
high,London,Government,female,1
high,London,Legal,male,1
high,London,Marketing,male,1
high,London,Marketing,non_binary,1
high,London,Nonprofit,male,1
high,London,Student,female,1
high,Manchester,Consulting,female,1
high,Manchester,Marketing,female,1
high,Manchester,Marketing,non_binary,1
high,Manchester,Student,female,1
high,Manchester,Technology,prefer_not_to_say,1
high,Melbourne,Education,female,1
high,Melbourne,Finance,non_binary,1
high,Melbourne,Government,non_binary,1
high,Melbourne,Healthcare,prefer_not_to_say,1
high,Melbourne,Hospitality,prefer_not_to_say,1
high,Melbourne,Marketing,male,1
high,Melbourne,Publishing,male,1
high,Newcastle,Hospitality,female,1
high,Perth,Marketing,female,1
high,Singapore,Consulting,male,1
high,Singapore,Government,female,1
high,Singapore,Media,female,1
high,Sydney,Education,female,1
high,Sydney,Government,female,1
high,Sydney,Healthcare,male,1
high,Sydney,Retail,male,1
high,Wellington,Advertising,female,1
high,Wellington,Healthcare,prefer_not_to_say,1
high,Wellington,Marketing,female,1
high,Wellington,Student,female,1
high,Wellington,Technology,non_binary,1
high,Adelaide,Advertising,male,0
high,Adelaide,Advertising,prefer_not_to_say,0
high,Adelaide,Consulting,female,0
high,Adelaide,Consulting,male,0
high,Adelaide,Consulting,non_binary,0
high,Adelaide,Consulting,prefer_not_to_say,0
high,Adelaide,Education,female,0
high,Adelaide,Education,male,0
high,Adelaide,Education,non_binary,0
high,Adelaide,Education,prefer_not_to_say,0
high,Adelaide,Fashion,female,0
high,Adelaide,Fashion,male,0
high,Adelaide,Fashion,non_binary,0
high,Adelaide,Fashion,prefer_not_to_say,0
high,Adelaide,Finance,female,0
high,Adelaide,Finance,male,0
high,Adelaide,Finance,non_binary,0
high,Adelaide,Finance,prefer_not_to_say,0
high,Adelaide,Government,female,0
high,Adelaide,Government,male,0
high,Adelaide,Government,non_binary,0
high,Adelaide,Government,prefer_not_to_say,0
high,Adelaide,Healthcare,male,0
high,Adelaide,Healthcare,non_binary,0
high,Adelaide,Healthcare,prefer_not_to_say,0
high,Adelaide,Hospitality,female,0
high,Adelaide,Hospitality,male,0
high,Adelaide,Hospitality,non_binary,0
high,Adelaide,Hospitality,prefer_not_to_say,0
high,Adelaide,Legal,female,0
high,Adelaide,Legal,male,0
high,Adelaide,Legal,non_binary,0
high,Adelaide,Legal,prefer_not_to_say,0
high,Adelaide,Marketing,female,0
high,Adelaide,Marketing,male,0
high,Adelaide,Marketing,non_binary,0
high,Adelaide,Marketing,prefer_not_to_say,0
high,Adelaide,Media,female,0
high,Adelaide,Media,non_binary,0
high,Adelaide,Media,prefer_not_to_say,0
high,Adelaide,Nonprofit,female,0
high,Adelaide,Nonprofit,male,0
high,Adelaide,Nonprofit,non_binary,0
high,Adelaide,Nonprofit,prefer_not_to_say,0
high,Adelaide,Publishing,male,0
high,Adelaide,Publishing,non_binary,0
high,Adelaide,Publishing,prefer_not_to_say,0
high,Adelaide,Retail,female,0
high,Adelaide,Retail,male,0
high,Adelaide,Retail,non_binary,0
high,Adelaide,Retail,prefer_not_to_say,0
high,Adelaide,Student,female,0
high,Adelaide,Student,male,0
high,Adelaide,Student,non_binary,0
high,Adelaide,Student,prefer_not_to_say,0
high,Adelaide,Technology,female,0
high,Adelaide,Technology,non_binary,0
high,Adelaide,Technology,prefer_not_to_say,0
high,Auckland,Advertising,female,0
high,Auckland,Advertising,male,0
high,Auckland,Advertising,non_binary,0
high,Auckland,Advertising,prefer_not_to_say,0
high,Auckland,Consulting,female,0
high,Auckland,Consulting,male,0
high,Auckland,Consulting,non_binary,0
high,Auckland,Consulting,prefer_not_to_say,0
high,Auckland,Education,male,0
high,Auckland,Education,non_binary,0
high,Auckland,Education,prefer_not_to_say,0
high,Auckland,Fashion,female,0
high,Auckland,Fashion,male,0
high,Auckland,Fashion,non_binary,0
high,Auckland,Fashion,prefer_not_to_say,0
high,Auckland,Finance,female,0
high,Auckland,Finance,male,0
high,Auckland,Finance,non_binary,0
high,Auckland,Finance,prefer_not_to_say,0
high,Auckland,Government,male,0
high,Auckland,Government,non_binary,0
high,Auckland,Government,prefer_not_to_say,0
high,Auckland,Healthcare,female,0
high,Auckland,Healthcare,male,0
high,Auckland,Healthcare,prefer_not_to_say,0
high,Auckland,Hospitality,female,0
high,Auckland,Hospitality,male,0
high,Auckland,Hospitality,non_binary,0
high,Auckland,Hospitality,prefer_not_to_say,0
high,Auckland,Legal,female,0
high,Auckland,Legal,male,0
high,Auckland,Legal,non_binary,0
high,Auckland,Legal,prefer_not_to_say,0
high,Auckland,Marketing,female,0
high,Auckland,Marketing,male,0
high,Auckland,Marketing,non_binary,0
high,Auckland,Marketing,prefer_not_to_say,0
high,Auckland,Media,female,0
high,Auckland,Media,male,0
high,Auckland,Media,non_binary,0
high,Auckland,Media,prefer_not_to_say,0
high,Auckland,Nonprofit,female,0
high,Auckland,Nonprofit,male,0
high,Auckland,Nonprofit,non_binary,0
high,Auckland,Nonprofit,prefer_not_to_say,0
high,Auckland,Publishing,female,0
high,Auckland,Publishing,male,0
high,Auckland,Publishing,non_binary,0
high,Auckland,Publishing,prefer_not_to_say,0
high,Auckland,Retail,female,0
high,Auckland,Retail,male,0
high,Auckland,Retail,non_binary,0
high,Auckland,Retail,prefer_not_to_say,0
high,Auckland,Student,female,0
high,Auckland,Student,male,0
high,Auckland,Student,non_binary,0
high,Auckland,Student,prefer_not_to_say,0
high,Auckland,Technology,female,0
high,Auckland,Technology,male,0
high,Auckland,Technology,non_binary,0
high,Auckland,Technology,prefer_not_to_say,0
high,Brisbane,Advertising,female,0
high,Brisbane,Advertising,male,0
high,Brisbane,Advertising,non_binary,0
high,Brisbane,Advertising,prefer_not_to_say,0
high,Brisbane,Consulting,female,0
high,Brisbane,Consulting,male,0
high,Brisbane,Consulting,non_binary,0
high,Brisbane,Consulting,prefer_not_to_say,0
high,Brisbane,Education,male,0
high,Brisbane,Education,non_binary,0
high,Brisbane,Education,prefer_not_to_say,0
high,Brisbane,Fashion,male,0
high,Brisbane,Fashion,non_binary,0
high,Brisbane,Fashion,prefer_not_to_say,0
high,Brisbane,Finance,female,0
high,Brisbane,Finance,male,0
high,Brisbane,Finance,non_binary,0
high,Brisbane,Finance,prefer_not_to_say,0
high,Brisbane,Government,female,0
high,Brisbane,Government,male,0
high,Brisbane,Government,non_binary,0
high,Brisbane,Government,prefer_not_to_say,0
high,Brisbane,Healthcare,male,0
high,Brisbane,Healthcare,non_binary,0
high,Brisbane,Healthcare,prefer_not_to_say,0
high,Brisbane,Hospitality,male,0
high,Brisbane,Hospitality,non_binary,0
high,Brisbane,Hospitality,prefer_not_to_say,0
high,Brisbane,Legal,female,0
high,Brisbane,Legal,male,0
high,Brisbane,Legal,non_binary,0
high,Brisbane,Legal,prefer_not_to_say,0
high,Brisbane,Marketing,female,0
high,Brisbane,Marketing,male,0
high,Brisbane,Marketing,non_binary,0
high,Brisbane,Marketing,prefer_not_to_say,0
high,Brisbane,Media,female,0
high,Brisbane,Media,male,0
high,Brisbane,Media,non_binary,0
high,Brisbane,Media,prefer_not_to_say,0
high,Brisbane,Nonprofit,female,0
high,Brisbane,Nonprofit,male,0
high,Brisbane,Nonprofit,non_binary,0
high,Brisbane,Nonprofit,prefer_not_to_say,0
high,Brisbane,Publishing,female,0
high,Brisbane,Publishing,male,0
high,Brisbane,Publishing,non_binary,0
high,Brisbane,Publishing,prefer_not_to_say,0
high,Brisbane,Retail,female,0
high,Brisbane,Retail,male,0
high,Brisbane,Retail,non_binary,0
high,Brisbane,Retail,prefer_not_to_say,0
high,Brisbane,Student,female,0
high,Brisbane,Student,male,0
high,Brisbane,Student,non_binary,0
high,Brisbane,Student,prefer_not_to_say,0
high,Brisbane,Technology,male,0
high,Brisbane,Technology,non_binary,0
high,Brisbane,Technology,prefer_not_to_say,0
high,Bristol,Advertising,female,0
high,Bristol,Advertising,male,0
high,Bristol,Advertising,non_binary,0
high,Bristol,Advertising,prefer_not_to_say,0
high,Bristol,Consulting,female,0
high,Bristol,Consulting,male,0
high,Bristol,Consulting,non_binary,0
high,Bristol,Consulting,prefer_not_to_say,0
high,Bristol,Education,female,0
high,Bristol,Education,male,0
high,Bristol,Education,non_binary,0
high,Bristol,Education,prefer_not_to_say,0
high,Bristol,Fashion,male,0
high,Bristol,Fashion,non_binary,0
high,Bristol,Fashion,prefer_not_to_say,0
high,Bristol,Finance,female,0
high,Bristol,Finance,male,0
high,Bristol,Finance,non_binary,0
high,Bristol,Finance,prefer_not_to_say,0
high,Bristol,Government,female,0
high,Bristol,Government,male,0
high,Bristol,Government,non_binary,0
high,Bristol,Government,prefer_not_to_say,0
high,Bristol,Healthcare,male,0
high,Bristol,Healthcare,non_binary,0
high,Bristol,Healthcare,prefer_not_to_say,0
high,Bristol,Hospitality,female,0
high,Bristol,Hospitality,male,0
high,Bristol,Hospitality,non_binary,0
high,Bristol,Hospitality,prefer_not_to_say,0
high,Bristol,Legal,female,0
high,Bristol,Legal,male,0
high,Bristol,Legal,non_binary,0
high,Bristol,Legal,prefer_not_to_say,0
high,Bristol,Marketing,female,0
high,Bristol,Marketing,male,0
high,Bristol,Marketing,non_binary,0
high,Bristol,Marketing,prefer_not_to_say,0
high,Bristol,Media,female,0
high,Bristol,Media,male,0
high,Bristol,Media,non_binary,0
high,Bristol,Media,prefer_not_to_say,0
high,Bristol,Nonprofit,female,0
high,Bristol,Nonprofit,non_binary,0
high,Bristol,Nonprofit,prefer_not_to_say,0
high,Bristol,Publishing,female,0
high,Bristol,Publishing,male,0
high,Bristol,Publishing,non_binary,0
high,Bristol,Publishing,prefer_not_to_say,0
high,Bristol,Retail,female,0
high,Bristol,Retail,male,0
high,Bristol,Retail,non_binary,0
high,Bristol,Retail,prefer_not_to_say,0
high,Bristol,Student,female,0
high,Bristol,Student,male,0
high,Bristol,Student,non_binary,0
high,Bristol,Student,prefer_not_to_say,0
high,Bristol,Technology,female,0
high,Bristol,Technology,non_binary,0
high,Bristol,Technology,prefer_not_to_say,0
high,Canberra,Advertising,female,0
high,Canberra,Advertising,male,0
high,Canberra,Advertising,non_binary,0
high,Canberra,Advertising,prefer_not_to_say,0
high,Canberra,Consulting,female,0
high,Canberra,Consulting,male,0
high,Canberra,Consulting,non_binary,0
high,Canberra,Consulting,prefer_not_to_say,0
high,Canberra,Education,female,0
high,Canberra,Education,male,0
high,Canberra,Education,prefer_not_to_say,0
high,Canberra,Fashion,female,0
high,Canberra,Fashion,male,0
high,Canberra,Fashion,non_binary,0
high,Canberra,Fashion,prefer_not_to_say,0
high,Canberra,Finance,female,0
high,Canberra,Finance,male,0
high,Canberra,Finance,non_binary,0
high,Canberra,Finance,prefer_not_to_say,0
high,Canberra,Government,female,0
high,Canberra,Government,male,0
high,Canberra,Government,non_binary,0
high,Canberra,Government,prefer_not_to_say,0
high,Canberra,Healthcare,male,0
high,Canberra,Healthcare,non_binary,0
high,Canberra,Healthcare,prefer_not_to_say,0
high,Canberra,Hospitality,female,0
high,Canberra,Hospitality,male,0
high,Canberra,Hospitality,non_binary,0
high,Canberra,Hospitality,prefer_not_to_say,0
high,Canberra,Legal,female,0
high,Canberra,Legal,male,0
high,Canberra,Legal,non_binary,0
high,Canberra,Legal,prefer_not_to_say,0
high,Canberra,Marketing,female,0
high,Canberra,Marketing,male,0
high,Canberra,Marketing,non_binary,0
high,Canberra,Marketing,prefer_not_to_say,0
high,Canberra,Media,female,0
high,Canberra,Media,male,0
high,Canberra,Media,non_binary,0
high,Canberra,Media,prefer_not_to_say,0
high,Canberra,Nonprofit,female,0
high,Canberra,Nonprofit,male,0
high,Canberra,Nonprofit,non_binary,0
high,Canberra,Nonprofit,prefer_not_to_say,0
high,Canberra,Publishing,female,0
high,Canberra,Publishing,male,0
high,Canberra,Publishing,non_binary,0
high,Canberra,Publishing,prefer_not_to_say,0
high,Canberra,Retail,male,0
high,Canberra,Retail,non_binary,0
high,Canberra,Retail,prefer_not_to_say,0
high,Canberra,Student,female,0
high,Canberra,Student,male,0
high,Canberra,Student,non_binary,0
high,Canberra,Student,prefer_not_to_say,0
high,Canberra,Technology,female,0
high,Canberra,Technology,male,0
high,Canberra,Technology,non_binary,0
high,Canberra,Technology,prefer_not_to_say,0
high,Christchurch,Advertising,female,0
high,Christchurch,Advertising,male,0
high,Christchurch,Advertising,non_binary,0
high,Christchurch,Advertising,prefer_not_to_say,0
high,Christchurch,Consulting,female,0
high,Christchurch,Consulting,male,0
high,Christchurch,Consulting,non_binary,0
high,Christchurch,Consulting,prefer_not_to_say,0
high,Christchurch,Education,female,0
high,Christchurch,Education,male,0
high,Christchurch,Education,non_binary,0
high,Christchurch,Education,prefer_not_to_say,0
high,Christchurch,Fashion,female,0
high,Christchurch,Fashion,male,0
high,Christchurch,Fashion,non_binary,0
high,Christchurch,Fashion,prefer_not_to_say,0
high,Christchurch,Finance,female,0
high,Christchurch,Finance,male,0
high,Christchurch,Finance,non_binary,0
high,Christchurch,Finance,prefer_not_to_say,0
high,Christchurch,Government,female,0
high,Christchurch,Government,male,0
high,Christchurch,Government,non_binary,0
high,Christchurch,Government,prefer_not_to_say,0
high,Christchurch,Healthcare,female,0
high,Christchurch,Healthcare,male,0
high,Christchurch,Healthcare,prefer_not_to_say,0
high,Christchurch,Hospitality,female,0
high,Christchurch,Hospitality,non_binary,0
high,Christchurch,Hospitality,prefer_not_to_say,0
high,Christchurch,Legal,female,0
high,Christchurch,Legal,male,0
high,Christchurch,Legal,non_binary,0
high,Christchurch,Legal,prefer_not_to_say,0
high,Christchurch,Marketing,female,0
high,Christchurch,Marketing,male,0
high,Christchurch,Marketing,non_binary,0
high,Christchurch,Marketing,prefer_not_to_say,0
high,Christchurch,Media,female,0
high,Christchurch,Media,male,0
high,Christchurch,Media,prefer_not_to_say,0
high,Christchurch,Nonprofit,female,0
high,Christchurch,Nonprofit,male,0
high,Christchurch,Nonprofit,non_binary,0
high,Christchurch,Nonprofit,prefer_not_to_say,0
high,Christchurch,Publishing,male,0
high,Christchurch,Publishing,non_binary,0
high,Christchurch,Publishing,prefer_not_to_say,0
high,Christchurch,Retail,female,0
high,Christchurch,Retail,male,0
high,Christchurch,Retail,non_binary,0
high,Christchurch,Retail,prefer_not_to_say,0
high,Christchurch,Student,female,0
high,Christchurch,Student,male,0
high,Christchurch,Student,non_binary,0
high,Christchurch,Student,prefer_not_to_say,0
high,Christchurch,Technology,male,0
high,Christchurch,Technology,non_binary,0
high,Christchurch,Technology,prefer_not_to_say,0
high,Gold Coast,Advertising,female,0
high,Gold Coast,Advertising,male,0
high,Gold Coast,Advertising,non_binary,0
high,Gold Coast,Advertising,prefer_not_to_say,0
high,Gold Coast,Consulting,female,0
high,Gold Coast,Consulting,male,0
high,Gold Coast,Consulting,non_binary,0
high,Gold Coast,Consulting,prefer_not_to_say,0
high,Gold Coast,Education,female,0
high,Gold Coast,Education,male,0
high,Gold Coast,Education,non_binary,0
high,Gold Coast,Education,prefer_not_to_say,0
high,Gold Coast,Fashion,female,0
high,Gold Coast,Fashion,male,0
high,Gold Coast,Fashion,non_binary,0
high,Gold Coast,Fashion,prefer_not_to_say,0
high,Gold Coast,Finance,female,0
high,Gold Coast,Finance,male,0
high,Gold Coast,Finance,non_binary,0
high,Gold Coast,Finance,prefer_not_to_say,0
high,Gold Coast,Government,female,0
high,Gold Coast,Government,male,0
high,Gold Coast,Government,non_binary,0
high,Gold Coast,Government,prefer_not_to_say,0
high,Gold Coast,Healthcare,male,0
high,Gold Coast,Healthcare,non_binary,0
high,Gold Coast,Healthcare,prefer_not_to_say,0
high,Gold Coast,Hospitality,female,0
high,Gold Coast,Hospitality,male,0
high,Gold Coast,Hospitality,non_binary,0
high,Gold Coast,Hospitality,prefer_not_to_say,0
high,Gold Coast,Legal,female,0
high,Gold Coast,Legal,male,0
high,Gold Coast,Legal,non_binary,0
high,Gold Coast,Legal,prefer_not_to_say,0
high,Gold Coast,Marketing,female,0
high,Gold Coast,Marketing,male,0
high,Gold Coast,Marketing,non_binary,0
high,Gold Coast,Marketing,prefer_not_to_say,0
high,Gold Coast,Media,female,0
high,Gold Coast,Media,male,0
high,Gold Coast,Media,non_binary,0
high,Gold Coast,Media,prefer_not_to_say,0
high,Gold Coast,Nonprofit,female,0
high,Gold Coast,Nonprofit,male,0
high,Gold Coast,Nonprofit,non_binary,0
high,Gold Coast,Nonprofit,prefer_not_to_say,0
high,Gold Coast,Publishing,female,0
high,Gold Coast,Publishing,male,0
high,Gold Coast,Publishing,non_binary,0
high,Gold Coast,Publishing,prefer_not_to_say,0
high,Gold Coast,Retail,female,0
high,Gold Coast,Retail,male,0
high,Gold Coast,Retail,non_binary,0
high,Gold Coast,Retail,prefer_not_to_say,0
high,Gold Coast,Student,female,0
high,Gold Coast,Student,male,0
high,Gold Coast,Student,non_binary,0
high,Gold Coast,Technology,female,0
high,Gold Coast,Technology,male,0
high,Gold Coast,Technology,non_binary,0
high,Hobart,Advertising,female,0
high,Hobart,Advertising,male,0
high,Hobart,Advertising,non_binary,0
high,Hobart,Advertising,prefer_not_to_say,0
high,Hobart,Consulting,female,0
high,Hobart,Consulting,male,0
high,Hobart,Consulting,non_binary,0
high,Hobart,Consulting,prefer_not_to_say,0
high,Hobart,Education,female,0
high,Hobart,Education,male,0
high,Hobart,Education,non_binary,0
high,Hobart,Fashion,female,0
high,Hobart,Fashion,male,0
high,Hobart,Fashion,non_binary,0
high,Hobart,Fashion,prefer_not_to_say,0
high,Hobart,Finance,female,0
high,Hobart,Finance,male,0
high,Hobart,Finance,non_binary,0
high,Hobart,Finance,prefer_not_to_say,0
high,Hobart,Government,female,0
high,Hobart,Government,male,0
high,Hobart,Government,non_binary,0
high,Hobart,Government,prefer_not_to_say,0
high,Hobart,Healthcare,female,0
high,Hobart,Healthcare,male,0
high,Hobart,Healthcare,non_binary,0
high,Hobart,Healthcare,prefer_not_to_say,0
high,Hobart,Hospitality,female,0
high,Hobart,Hospitality,male,0
high,Hobart,Hospitality,non_binary,0
high,Hobart,Hospitality,prefer_not_to_say,0
high,Hobart,Legal,female,0
high,Hobart,Legal,male,0
high,Hobart,Legal,non_binary,0
high,Hobart,Legal,prefer_not_to_say,0
high,Hobart,Marketing,female,0
high,Hobart,Marketing,male,0
high,Hobart,Marketing,non_binary,0
high,Hobart,Marketing,prefer_not_to_say,0
high,Hobart,Media,male,0
high,Hobart,Media,non_binary,0
high,Hobart,Media,prefer_not_to_say,0
high,Hobart,Nonprofit,female,0
high,Hobart,Nonprofit,male,0
high,Hobart,Nonprofit,non_binary,0
high,Hobart,Nonprofit,prefer_not_to_say,0
high,Hobart,Publishing,female,0
high,Hobart,Publishing,male,0
high,Hobart,Publishing,non_binary,0
high,Hobart,Publishing,prefer_not_to_say,0
high,Hobart,Retail,female,0
high,Hobart,Retail,male,0
high,Hobart,Retail,non_binary,0
high,Hobart,Retail,prefer_not_to_say,0
high,Hobart,Student,female,0
high,Hobart,Student,male,0
high,Hobart,Student,non_binary,0
high,Hobart,Student,prefer_not_to_say,0
high,Hobart,Technology,female,0
high,Hobart,Technology,male,0
high,Hobart,Technology,non_binary,0
high,Hobart,Technology,prefer_not_to_say,0
high,London,Advertising,female,0
high,London,Advertising,male,0
high,London,Advertising,non_binary,0
high,London,Advertising,prefer_not_to_say,0
high,London,Consulting,female,0
high,London,Consulting,male,0
high,London,Consulting,non_binary,0
high,London,Consulting,prefer_not_to_say,0
high,London,Education,female,0
high,London,Education,male,0
high,London,Education,non_binary,0
high,London,Education,prefer_not_to_say,0
high,London,Fashion,female,0
high,London,Fashion,male,0
high,London,Fashion,non_binary,0
high,London,Fashion,prefer_not_to_say,0
high,London,Finance,female,0
high,London,Finance,male,0
high,London,Finance,non_binary,0
high,London,Finance,prefer_not_to_say,0
high,London,Government,male,0
high,London,Government,non_binary,0
high,London,Government,prefer_not_to_say,0
high,London,Healthcare,female,0
high,London,Healthcare,male,0
high,London,Healthcare,non_binary,0
high,London,Healthcare,prefer_not_to_say,0
high,London,Hospitality,female,0
high,London,Hospitality,male,0
high,London,Hospitality,non_binary,0
high,London,Hospitality,prefer_not_to_say,0
high,London,Legal,female,0
high,London,Legal,non_binary,0
high,London,Legal,prefer_not_to_say,0
high,London,Marketing,female,0
high,London,Marketing,prefer_not_to_say,0
high,London,Media,female,0
high,London,Media,male,0
high,London,Media,non_binary,0
high,London,Media,prefer_not_to_say,0
high,London,Nonprofit,female,0
high,London,Nonprofit,non_binary,0
high,London,Nonprofit,prefer_not_to_say,0
high,London,Publishing,female,0
high,London,Publishing,male,0
high,London,Publishing,non_binary,0
high,London,Publishing,prefer_not_to_say,0
high,London,Retail,female,0
high,London,Retail,male,0
high,London,Retail,non_binary,0
high,London,Retail,prefer_not_to_say,0
high,London,Student,male,0
high,London,Student,non_binary,0
high,London,Student,prefer_not_to_say,0
high,London,Technology,female,0
high,London,Technology,male,0
high,London,Technology,non_binary,0
high,London,Technology,prefer_not_to_say,0
high,Manchester,Advertising,female,0
high,Manchester,Advertising,male,0
high,Manchester,Advertising,non_binary,0
high,Manchester,Advertising,prefer_not_to_say,0
high,Manchester,Consulting,male,0
high,Manchester,Consulting,non_binary,0
high,Manchester,Consulting,prefer_not_to_say,0
high,Manchester,Education,female,0
high,Manchester,Education,male,0
high,Manchester,Education,non_binary,0
high,Manchester,Education,prefer_not_to_say,0
high,Manchester,Fashion,female,0
high,Manchester,Fashion,male,0
high,Manchester,Fashion,non_binary,0
high,Manchester,Fashion,prefer_not_to_say,0
high,Manchester,Finance,female,0
high,Manchester,Finance,male,0
high,Manchester,Finance,non_binary,0
high,Manchester,Finance,prefer_not_to_say,0
high,Manchester,Government,female,0
high,Manchester,Government,male,0
high,Manchester,Government,non_binary,0
high,Manchester,Government,prefer_not_to_say,0
high,Manchester,Healthcare,female,0
high,Manchester,Healthcare,male,0
high,Manchester,Healthcare,non_binary,0
high,Manchester,Healthcare,prefer_not_to_say,0
high,Manchester,Hospitality,female,0
high,Manchester,Hospitality,male,0
high,Manchester,Hospitality,non_binary,0
high,Manchester,Hospitality,prefer_not_to_say,0
high,Manchester,Legal,female,0
high,Manchester,Legal,male,0
high,Manchester,Legal,non_binary,0
high,Manchester,Legal,prefer_not_to_say,0
high,Manchester,Marketing,male,0
high,Manchester,Marketing,prefer_not_to_say,0
high,Manchester,Media,female,0
high,Manchester,Media,male,0
high,Manchester,Media,non_binary,0
high,Manchester,Media,prefer_not_to_say,0
high,Manchester,Nonprofit,female,0
high,Manchester,Nonprofit,male,0
high,Manchester,Nonprofit,non_binary,0
high,Manchester,Nonprofit,prefer_not_to_say,0
high,Manchester,Publishing,female,0
high,Manchester,Publishing,male,0
high,Manchester,Publishing,non_binary,0
high,Manchester,Publishing,prefer_not_to_say,0
high,Manchester,Retail,female,0
high,Manchester,Retail,male,0
high,Manchester,Retail,non_binary,0
high,Manchester,Retail,prefer_not_to_say,0
high,Manchester,Student,male,0
high,Manchester,Student,non_binary,0
high,Manchester,Student,prefer_not_to_say,0
high,Manchester,Technology,female,0
high,Manchester,Technology,male,0
high,Manchester,Technology,non_binary,0
high,Melbourne,Advertising,female,0
high,Melbourne,Advertising,male,0
high,Melbourne,Advertising,non_binary,0
high,Melbourne,Advertising,prefer_not_to_say,0
high,Melbourne,Consulting,female,0
high,Melbourne,Consulting,male,0
high,Melbourne,Consulting,non_binary,0
high,Melbourne,Consulting,prefer_not_to_say,0
high,Melbourne,Education,male,0
high,Melbourne,Education,non_binary,0
high,Melbourne,Education,prefer_not_to_say,0
high,Melbourne,Fashion,female,0
high,Melbourne,Fashion,male,0
high,Melbourne,Fashion,non_binary,0
high,Melbourne,Fashion,prefer_not_to_say,0
high,Melbourne,Finance,female,0
high,Melbourne,Finance,male,0
high,Melbourne,Finance,prefer_not_to_say,0
high,Melbourne,Government,female,0
high,Melbourne,Government,male,0
high,Melbourne,Government,prefer_not_to_say,0
high,Melbourne,Healthcare,female,0
high,Melbourne,Healthcare,male,0
high,Melbourne,Healthcare,non_binary,0
high,Melbourne,Hospitality,female,0
high,Melbourne,Hospitality,male,0
high,Melbourne,Hospitality,non_binary,0
high,Melbourne,Legal,female,0
high,Melbourne,Legal,male,0
high,Melbourne,Legal,non_binary,0
high,Melbourne,Legal,prefer_not_to_say,0
high,Melbourne,Marketing,female,0
high,Melbourne,Marketing,non_binary,0
high,Melbourne,Marketing,prefer_not_to_say,0
high,Melbourne,Media,female,0
high,Melbourne,Media,male,0
high,Melbourne,Media,non_binary,0
high,Melbourne,Media,prefer_not_to_say,0
high,Melbourne,Nonprofit,female,0
high,Melbourne,Nonprofit,male,0
high,Melbourne,Nonprofit,non_binary,0
high,Melbourne,Nonprofit,prefer_not_to_say,0
high,Melbourne,Publishing,female,0
high,Melbourne,Publishing,non_binary,0
high,Melbourne,Publishing,prefer_not_to_say,0
high,Melbourne,Retail,female,0
high,Melbourne,Retail,male,0
high,Melbourne,Retail,non_binary,0
high,Melbourne,Retail,prefer_not_to_say,0
high,Melbourne,Student,female,0
high,Melbourne,Student,male,0
high,Melbourne,Student,non_binary,0
high,Melbourne,Student,prefer_not_to_say,0
high,Melbourne,Technology,female,0
high,Melbourne,Technology,male,0
high,Melbourne,Technology,non_binary,0
high,Melbourne,Technology,prefer_not_to_say,0
high,Newcastle,Advertising,female,0
high,Newcastle,Advertising,male,0
high,Newcastle,Advertising,non_binary,0
high,Newcastle,Advertising,prefer_not_to_say,0
high,Newcastle,Consulting,female,0
high,Newcastle,Consulting,male,0
high,Newcastle,Consulting,non_binary,0
high,Newcastle,Consulting,prefer_not_to_say,0
high,Newcastle,Education,female,0
high,Newcastle,Education,male,0
high,Newcastle,Education,non_binary,0
high,Newcastle,Education,prefer_not_to_say,0
high,Newcastle,Fashion,female,0
high,Newcastle,Fashion,male,0
high,Newcastle,Fashion,non_binary,0
high,Newcastle,Fashion,prefer_not_to_say,0
high,Newcastle,Finance,female,0
high,Newcastle,Finance,male,0
high,Newcastle,Finance,non_binary,0
high,Newcastle,Finance,prefer_not_to_say,0
high,Newcastle,Government,female,0
high,Newcastle,Government,male,0
high,Newcastle,Government,non_binary,0
high,Newcastle,Government,prefer_not_to_say,0
high,Newcastle,Healthcare,female,0
high,Newcastle,Healthcare,male,0
high,Newcastle,Healthcare,non_binary,0
high,Newcastle,Healthcare,prefer_not_to_say,0
high,Newcastle,Hospitality,male,0
high,Newcastle,Hospitality,non_binary,0
high,Newcastle,Hospitality,prefer_not_to_say,0
high,Newcastle,Legal,female,0
high,Newcastle,Legal,male,0
high,Newcastle,Legal,non_binary,0
high,Newcastle,Legal,prefer_not_to_say,0
high,Newcastle,Marketing,female,0
high,Newcastle,Marketing,male,0
high,Newcastle,Marketing,non_binary,0
high,Newcastle,Marketing,prefer_not_to_say,0
high,Newcastle,Media,female,0
high,Newcastle,Media,male,0
high,Newcastle,Media,non_binary,0
high,Newcastle,Media,prefer_not_to_say,0
high,Newcastle,Nonprofit,female,0
high,Newcastle,Nonprofit,male,0
high,Newcastle,Nonprofit,non_binary,0
high,Newcastle,Nonprofit,prefer_not_to_say,0
high,Newcastle,Publishing,female,0
high,Newcastle,Publishing,male,0
high,Newcastle,Publishing,non_binary,0
high,Newcastle,Publishing,prefer_not_to_say,0
high,Newcastle,Retail,female,0
high,Newcastle,Retail,male,0
high,Newcastle,Retail,non_binary,0
high,Newcastle,Retail,prefer_not_to_say,0
high,Newcastle,Student,female,0
high,Newcastle,Student,male,0
high,Newcastle,Student,non_binary,0
high,Newcastle,Student,prefer_not_to_say,0
high,Newcastle,Technology,female,0
high,Newcastle,Technology,male,0
high,Newcastle,Technology,non_binary,0
high,Newcastle,Technology,prefer_not_to_say,0
high,Perth,Advertising,female,0
high,Perth,Advertising,male,0
high,Perth,Advertising,non_binary,0
high,Perth,Advertising,prefer_not_to_say,0
high,Perth,Consulting,female,0
high,Perth,Consulting,male,0
high,Perth,Consulting,non_binary,0
high,Perth,Consulting,prefer_not_to_say,0
high,Perth,Education,female,0
high,Perth,Education,male,0
high,Perth,Education,non_binary,0
high,Perth,Education,prefer_not_to_say,0
high,Perth,Fashion,female,0
high,Perth,Fashion,male,0
high,Perth,Fashion,non_binary,0
high,Perth,Fashion,prefer_not_to_say,0
high,Perth,Finance,female,0
high,Perth,Finance,male,0
high,Perth,Finance,non_binary,0
high,Perth,Finance,prefer_not_to_say,0
high,Perth,Government,female,0
high,Perth,Government,male,0
high,Perth,Government,non_binary,0
high,Perth,Government,prefer_not_to_say,0
high,Perth,Healthcare,female,0
high,Perth,Healthcare,male,0
high,Perth,Healthcare,non_binary,0
high,Perth,Healthcare,prefer_not_to_say,0
high,Perth,Hospitality,female,0
high,Perth,Hospitality,male,0
high,Perth,Hospitality,non_binary,0
high,Perth,Hospitality,prefer_not_to_say,0
high,Perth,Legal,female,0
high,Perth,Legal,male,0
high,Perth,Legal,non_binary,0
high,Perth,Legal,prefer_not_to_say,0
high,Perth,Marketing,male,0
high,Perth,Marketing,non_binary,0
high,Perth,Marketing,prefer_not_to_say,0
high,Perth,Media,female,0
high,Perth,Media,male,0
high,Perth,Media,non_binary,0
high,Perth,Media,prefer_not_to_say,0
high,Perth,Nonprofit,female,0
high,Perth,Nonprofit,male,0
high,Perth,Nonprofit,non_binary,0
high,Perth,Nonprofit,prefer_not_to_say,0
high,Perth,Publishing,female,0
high,Perth,Publishing,male,0
high,Perth,Publishing,non_binary,0
high,Perth,Publishing,prefer_not_to_say,0
high,Perth,Retail,female,0
high,Perth,Retail,male,0
high,Perth,Retail,non_binary,0
high,Perth,Retail,prefer_not_to_say,0
high,Perth,Student,female,0
high,Perth,Student,male,0
high,Perth,Student,non_binary,0
high,Perth,Student,prefer_not_to_say,0
high,Perth,Technology,female,0
high,Perth,Technology,male,0
high,Perth,Technology,non_binary,0
high,Perth,Technology,prefer_not_to_say,0
high,Singapore,Advertising,female,0
high,Singapore,Advertising,male,0
high,Singapore,Advertising,non_binary,0
high,Singapore,Advertising,prefer_not_to_say,0
high,Singapore,Consulting,female,0
high,Singapore,Consulting,non_binary,0
high,Singapore,Consulting,prefer_not_to_say,0
high,Singapore,Education,female,0
high,Singapore,Education,male,0
high,Singapore,Education,non_binary,0
high,Singapore,Education,prefer_not_to_say,0
high,Singapore,Fashion,female,0
high,Singapore,Fashion,male,0
high,Singapore,Fashion,non_binary,0
high,Singapore,Fashion,prefer_not_to_say,0
high,Singapore,Finance,female,0
high,Singapore,Finance,male,0
high,Singapore,Finance,non_binary,0
high,Singapore,Finance,prefer_not_to_say,0
high,Singapore,Government,male,0
high,Singapore,Government,non_binary,0
high,Singapore,Government,prefer_not_to_say,0
high,Singapore,Healthcare,female,0
high,Singapore,Healthcare,male,0
high,Singapore,Healthcare,non_binary,0
high,Singapore,Healthcare,prefer_not_to_say,0
high,Singapore,Hospitality,female,0
high,Singapore,Hospitality,male,0
high,Singapore,Hospitality,non_binary,0
high,Singapore,Hospitality,prefer_not_to_say,0
high,Singapore,Legal,female,0
high,Singapore,Legal,male,0
high,Singapore,Legal,non_binary,0
high,Singapore,Legal,prefer_not_to_say,0
high,Singapore,Marketing,female,0
high,Singapore,Marketing,male,0
high,Singapore,Marketing,non_binary,0
high,Singapore,Marketing,prefer_not_to_say,0
high,Singapore,Media,male,0
high,Singapore,Media,non_binary,0
high,Singapore,Media,prefer_not_to_say,0
high,Singapore,Nonprofit,female,0
high,Singapore,Nonprofit,male,0
high,Singapore,Nonprofit,non_binary,0
high,Singapore,Nonprofit,prefer_not_to_say,0
high,Singapore,Publishing,female,0
high,Singapore,Publishing,male,0
high,Singapore,Publishing,non_binary,0
high,Singapore,Publishing,prefer_not_to_say,0
high,Singapore,Retail,female,0
high,Singapore,Retail,male,0
high,Singapore,Retail,non_binary,0
high,Singapore,Retail,prefer_not_to_say,0
high,Singapore,Student,female,0
high,Singapore,Student,male,0
high,Singapore,Student,non_binary,0
high,Singapore,Student,prefer_not_to_say,0
high,Singapore,Technology,female,0
high,Singapore,Technology,male,0
high,Singapore,Technology,non_binary,0
high,Singapore,Technology,prefer_not_to_say,0
high,Sydney,Advertising,female,0
high,Sydney,Advertising,male,0
high,Sydney,Advertising,non_binary,0
high,Sydney,Advertising,prefer_not_to_say,0
high,Sydney,Consulting,female,0
high,Sydney,Consulting,male,0
high,Sydney,Consulting,non_binary,0
high,Sydney,Consulting,prefer_not_to_say,0
high,Sydney,Education,male,0
high,Sydney,Education,non_binary,0
high,Sydney,Education,prefer_not_to_say,0
high,Sydney,Fashion,female,0
high,Sydney,Fashion,male,0
high,Sydney,Fashion,non_binary,0
high,Sydney,Fashion,prefer_not_to_say,0
high,Sydney,Finance,female,0
high,Sydney,Finance,male,0
high,Sydney,Finance,non_binary,0
high,Sydney,Finance,prefer_not_to_say,0
high,Sydney,Government,male,0
high,Sydney,Government,non_binary,0
high,Sydney,Government,prefer_not_to_say,0
high,Sydney,Healthcare,female,0
high,Sydney,Healthcare,non_binary,0
high,Sydney,Healthcare,prefer_not_to_say,0
high,Sydney,Hospitality,female,0
high,Sydney,Hospitality,male,0
high,Sydney,Hospitality,non_binary,0
high,Sydney,Hospitality,prefer_not_to_say,0
high,Sydney,Legal,female,0
high,Sydney,Legal,male,0
high,Sydney,Legal,non_binary,0
high,Sydney,Legal,prefer_not_to_say,0
high,Sydney,Marketing,female,0
high,Sydney,Marketing,male,0
high,Sydney,Marketing,non_binary,0
high,Sydney,Marketing,prefer_not_to_say,0
high,Sydney,Media,female,0
high,Sydney,Media,male,0
high,Sydney,Media,non_binary,0
high,Sydney,Media,prefer_not_to_say,0
high,Sydney,Nonprofit,female,0
high,Sydney,Nonprofit,male,0
high,Sydney,Nonprofit,non_binary,0
high,Sydney,Nonprofit,prefer_not_to_say,0
high,Sydney,Publishing,female,0
high,Sydney,Publishing,male,0
high,Sydney,Publishing,non_binary,0
high,Sydney,Publishing,prefer_not_to_say,0
high,Sydney,Retail,female,0
high,Sydney,Retail,non_binary,0
high,Sydney,Retail,prefer_not_to_say,0
high,Sydney,Student,female,0
high,Sydney,Student,male,0
high,Sydney,Student,non_binary,0
high,Sydney,Student,prefer_not_to_say,0
high,Sydney,Technology,female,0
high,Sydney,Technology,male,0
high,Sydney,Technology,non_binary,0
high,Sydney,Technology,prefer_not_to_say,0
high,Wellington,Advertising,male,0
high,Wellington,Advertising,non_binary,0
high,Wellington,Advertising,prefer_not_to_say,0
high,Wellington,Consulting,female,0
high,Wellington,Consulting,male,0
high,Wellington,Consulting,non_binary,0
high,Wellington,Consulting,prefer_not_to_say,0
high,Wellington,Education,female,0
high,Wellington,Education,male,0
high,Wellington,Education,non_binary,0
high,Wellington,Education,prefer_not_to_say,0
high,Wellington,Fashion,female,0
high,Wellington,Fashion,male,0
high,Wellington,Fashion,non_binary,0
high,Wellington,Fashion,prefer_not_to_say,0
high,Wellington,Finance,female,0
high,Wellington,Finance,male,0
high,Wellington,Finance,non_binary,0
high,Wellington,Finance,prefer_not_to_say,0
high,Wellington,Government,female,0
high,Wellington,Government,male,0
high,Wellington,Government,non_binary,0
high,Wellington,Government,prefer_not_to_say,0
high,Wellington,Healthcare,female,0
high,Wellington,Healthcare,male,0
high,Wellington,Healthcare,non_binary,0
high,Wellington,Hospitality,female,0
high,Wellington,Hospitality,male,0
high,Wellington,Hospitality,non_binary,0
high,Wellington,Hospitality,prefer_not_to_say,0
high,Wellington,Legal,female,0
high,Wellington,Legal,male,0
high,Wellington,Legal,non_binary,0
high,Wellington,Legal,prefer_not_to_say,0
high,Wellington,Marketing,male,0
high,Wellington,Marketing,non_binary,0
high,Wellington,Marketing,prefer_not_to_say,0
high,Wellington,Media,female,0
high,Wellington,Media,male,0
high,Wellington,Media,non_binary,0
high,Wellington,Media,prefer_not_to_say,0
high,Wellington,Nonprofit,female,0
high,Wellington,Nonprofit,male,0
high,Wellington,Nonprofit,non_binary,0
high,Wellington,Nonprofit,prefer_not_to_say,0
high,Wellington,Publishing,female,0
high,Wellington,Publishing,male,0
high,Wellington,Publishing,non_binary,0
high,Wellington,Publishing,prefer_not_to_say,0
high,Wellington,Retail,female,0
high,Wellington,Retail,male,0
high,Wellington,Retail,non_binary,0
high,Wellington,Retail,prefer_not_to_say,0
high,Wellington,Student,male,0
high,Wellington,Student,non_binary,0
high,Wellington,Student,prefer_not_to_say,0
high,Wellington,Technology,female,0
high,Wellington,Technology,male,0
high,Wellington,Technology,prefer_not_to_say,0
